-- MySQL dump 10.13  Distrib 5.6.24, for Win64 (x86_64)
--
-- Host: localhost    Database: bdpvt
-- ------------------------------------------------------
-- Server version	5.6.17

/*!40101 SET @OLD_CHARACTER_SET_CLIENT=@@CHARACTER_SET_CLIENT */;
/*!40101 SET @OLD_CHARACTER_SET_RESULTS=@@CHARACTER_SET_RESULTS */;
/*!40101 SET @OLD_COLLATION_CONNECTION=@@COLLATION_CONNECTION */;
/*!40101 SET NAMES utf8 */;
/*!40103 SET @OLD_TIME_ZONE=@@TIME_ZONE */;
/*!40103 SET TIME_ZONE='+00:00' */;
/*!40014 SET @OLD_UNIQUE_CHECKS=@@UNIQUE_CHECKS, UNIQUE_CHECKS=0 */;
/*!40014 SET @OLD_FOREIGN_KEY_CHECKS=@@FOREIGN_KEY_CHECKS, FOREIGN_KEY_CHECKS=0 */;
/*!40101 SET @OLD_SQL_MODE=@@SQL_MODE, SQL_MODE='NO_AUTO_VALUE_ON_ZERO' */;
/*!40111 SET @OLD_SQL_NOTES=@@SQL_NOTES, SQL_NOTES=0 */;

--
-- Table structure for table `almacen`
--

DROP TABLE IF EXISTS `almacen`;
/*!40101 SET @saved_cs_client     = @@character_set_client */;
/*!40101 SET character_set_client = utf8 */;
CREATE TABLE `almacen` (
  `idalmacen` int(11) NOT NULL AUTO_INCREMENT,
  `idempresa` int(11) NOT NULL,
  `nombre_almacen` varchar(45) DEFAULT NULL,
  `descripcion` text,
  `opcion_traspaso` int(11) DEFAULT NULL,
  `idestado` int(11) DEFAULT NULL,
  `idusuario_alta` int(11) DEFAULT NULL,
  `idusuario_um` int(11) DEFAULT NULL,
  `fecha_alta` datetime DEFAULT NULL,
  `fecha_um` datetime DEFAULT NULL,
  PRIMARY KEY (`idalmacen`)
) ENGINE=InnoDB AUTO_INCREMENT=6 DEFAULT CHARSET=utf8;
/*!40101 SET character_set_client = @saved_cs_client */;

--
-- Dumping data for table `almacen`
--

LOCK TABLES `almacen` WRITE;
/*!40000 ALTER TABLE `almacen` DISABLE KEYS */;
INSERT INTO `almacen` VALUES (1,1,'Almacen General','Almacen General',1,1,1,1,'2017-04-25 23:09:38','2017-04-25 23:09:38'),(4,1,'Almacen Interplaza','Almacen Interplaza',0,1,1,1,'2017-06-03 17:25:41','2017-06-03 17:25:41'),(5,1,'Almacen Escobedo','Almacen Sendero Escobedo',0,1,1,1,'2017-06-03 17:26:19','2017-06-03 17:26:19');
/*!40000 ALTER TABLE `almacen` ENABLE KEYS */;
UNLOCK TABLES;

--
-- Table structure for table `almacen_articulos`
--

DROP TABLE IF EXISTS `almacen_articulos`;
/*!40101 SET @saved_cs_client     = @@character_set_client */;
/*!40101 SET character_set_client = utf8 */;
CREATE TABLE `almacen_articulos` (
  `idempresa` int(11) NOT NULL,
  `idalmacen` int(11) NOT NULL,
  `idarticulo` int(11) NOT NULL,
  `tipo_articulo` varchar(5) DEFAULT NULL,
  `existencias` decimal(10,2) NOT NULL DEFAULT '0.00',
  PRIMARY KEY (`idempresa`,`idalmacen`,`idarticulo`)
) ENGINE=InnoDB DEFAULT CHARSET=utf8;
/*!40101 SET character_set_client = @saved_cs_client */;

--
-- Dumping data for table `almacen_articulos`
--

LOCK TABLES `almacen_articulos` WRITE;
/*!40000 ALTER TABLE `almacen_articulos` DISABLE KEYS */;
INSERT INTO `almacen_articulos` VALUES (1,1,1,'ART',25.00),(1,1,2,'ART',25.00),(1,1,3,'ART',25.00),(1,1,4,'ART',25.00),(1,1,5,'ART',25.00),(1,5,1,'ART',24.00),(1,5,2,'ART',25.00),(1,5,3,'ART',25.00),(1,5,4,'ART',25.00),(1,5,5,'ART',25.00);
/*!40000 ALTER TABLE `almacen_articulos` ENABLE KEYS */;
UNLOCK TABLES;

--
-- Table structure for table `apertura`
--

DROP TABLE IF EXISTS `apertura`;
/*!40101 SET @saved_cs_client     = @@character_set_client */;
/*!40101 SET character_set_client = utf8 */;
CREATE TABLE `apertura` (
  `idapertura` int(11) NOT NULL AUTO_INCREMENT,
  `idempresa` int(11) NOT NULL,
  `iddepartamento` int(11) NOT NULL,
  `SaldoInicial` decimal(19,2) DEFAULT NULL,
  `idusuario_apertura` int(11) DEFAULT NULL,
  `fecha_apertura` datetime DEFAULT NULL,
  `fecha_registro` datetime DEFAULT NULL,
  PRIMARY KEY (`idapertura`)
) ENGINE=MyISAM DEFAULT CHARSET=utf8;
/*!40101 SET character_set_client = @saved_cs_client */;

--
-- Dumping data for table `apertura`
--

LOCK TABLES `apertura` WRITE;
/*!40000 ALTER TABLE `apertura` DISABLE KEYS */;
/*!40000 ALTER TABLE `apertura` ENABLE KEYS */;
UNLOCK TABLES;

--
-- Table structure for table `aportaciones`
--

DROP TABLE IF EXISTS `aportaciones`;
/*!40101 SET @saved_cs_client     = @@character_set_client */;
/*!40101 SET character_set_client = utf8 */;
CREATE TABLE `aportaciones` (
  `idaportacion` int(11) NOT NULL AUTO_INCREMENT,
  `idempresa` int(11) DEFAULT NULL,
  `iddepartamento` int(11) DEFAULT NULL,
  `tipo_movimiento` varchar(2) DEFAULT NULL,
  `importe` decimal(19,2) DEFAULT NULL,
  `idconcepto` int(11) DEFAULT NULL,
  `descripcion` text,
  `idusuario_movimiento` int(11) DEFAULT NULL,
  `fecha_movimiento` datetime DEFAULT NULL,
  PRIMARY KEY (`idaportacion`)
) ENGINE=MyISAM DEFAULT CHARSET=utf8;
/*!40101 SET character_set_client = @saved_cs_client */;

--
-- Dumping data for table `aportaciones`
--

LOCK TABLES `aportaciones` WRITE;
/*!40000 ALTER TABLE `aportaciones` DISABLE KEYS */;
/*!40000 ALTER TABLE `aportaciones` ENABLE KEYS */;
UNLOCK TABLES;

--
-- Table structure for table `articulos`
--

DROP TABLE IF EXISTS `articulos`;
/*!40101 SET @saved_cs_client     = @@character_set_client */;
/*!40101 SET character_set_client = utf8 */;
CREATE TABLE `articulos` (
  `idarticulo` int(11) NOT NULL AUTO_INCREMENT,
  `tipo` int(11) NOT NULL DEFAULT '1',
  `idempresa` int(11) NOT NULL,
  `nombre_articulo` varchar(45) DEFAULT NULL,
  `descripcion` text,
  `codigo` varchar(25) DEFAULT NULL,
  `idcategoria` int(11) DEFAULT NULL,
  `idsubcategoria` int(11) DEFAULT NULL,
  `idtalla` int(11) DEFAULT NULL,
  `idcolor` int(11) DEFAULT NULL,
  `idunidad_medida` int(11) DEFAULT NULL,
  `precio_compra` decimal(19,2) DEFAULT NULL,
  `precio_venta` decimal(19,2) DEFAULT NULL,
  `precio_mayoreo` decimal(19,2) DEFAULT NULL,
  `cantidad_mayoreo` int(11) DEFAULT NULL,
  `stock_minimo` int(11) NOT NULL DEFAULT '0',
  `stock_maximo` int(11) NOT NULL DEFAULT '0',
  `idestado` int(11) NOT NULL DEFAULT '0',
  `idusuario_alta` int(11) NOT NULL,
  `idusuario_um` int(11) DEFAULT NULL,
  `fecha_alta` datetime NOT NULL,
  `fecha_um` datetime DEFAULT NULL,
  PRIMARY KEY (`idarticulo`),
  FULLTEXT KEY `nombre_articulo` (`nombre_articulo`)
) ENGINE=MyISAM AUTO_INCREMENT=321 DEFAULT CHARSET=utf8;
/*!40101 SET character_set_client = @saved_cs_client */;

--
-- Dumping data for table `articulos`
--

LOCK TABLES `articulos` WRITE;
/*!40000 ALTER TABLE `articulos` DISABLE KEYS */;
INSERT INTO `articulos` VALUES (1,1,1,'Pya Cab Bca CH','Pya Cab Bca CH','P11111',1,1,1,1,1,28.42,45.00,0.00,0,10,100,1,1,1,'2017-09-01 00:00:00','2017-09-01 00:00:00'),(2,1,1,'Pya Cab Bca M','Pya Cab Bca M','P21121',1,1,2,1,1,28.42,45.00,0.00,0,10,100,1,1,1,'2017-09-01 00:00:00','2017-09-01 00:00:00'),(3,1,1,'Pya Cab Bca GDE','Pya Cab Bca GDE','P31131',1,1,3,1,1,28.42,45.00,0.00,0,10,100,1,1,1,'2017-09-01 00:00:00','2017-09-01 00:00:00'),(4,1,1,'Pya Cab Bca XL','Pya Cab Bca XL','P41141',1,1,4,1,1,28.42,45.00,0.00,0,10,100,1,1,1,'2017-09-01 00:00:00','2017-09-01 00:00:00'),(5,1,1,'Pya Cab Bca XXL','Pya Cab Bca XXL','P51151',1,1,5,1,1,34.22,60.00,0.00,0,10,100,1,1,1,'2017-09-01 00:00:00','2017-09-01 00:00:00'),(6,1,1,'Pya Cab Neg CH','Pya Cab Neg CH','P61112',1,1,1,2,1,33.64,55.00,0.00,0,10,100,1,1,1,'2017-09-01 00:00:00','2017-09-01 00:00:00'),(7,1,1,'Pya Cab Neg M','Pya Cab Neg M','P71122',1,1,2,2,1,33.64,55.00,0.00,0,10,100,1,1,1,'2017-09-01 00:00:00','2017-09-01 00:00:00'),(8,1,1,'Pya Cab Neg GDE','Pya Cab Neg GDE','P81132',1,1,3,2,1,33.64,55.00,0.00,0,10,100,1,1,1,'2017-09-01 00:00:00','2017-09-01 00:00:00'),(9,1,1,'Pya Cab Neg XL','Pya Cab Neg XL','P91142',1,1,4,2,1,33.64,55.00,0.00,0,10,100,1,1,1,'2017-09-01 00:00:00','2017-09-01 00:00:00'),(10,1,1,'Pya Cab Neg XXL','Pya Cab Neg XXL','P101152',1,1,5,2,1,40.60,70.00,0.00,0,10,100,1,1,1,'2017-09-01 00:00:00','2017-09-01 00:00:00'),(11,1,1,'Pya Cab ARoy CH','Pya Cab ARoy CH','P111113',1,1,1,3,1,33.64,55.00,0.00,0,10,100,1,1,1,'2017-09-01 00:00:00','2017-09-01 00:00:00'),(12,1,1,'Pya Cab ARoy M','Pya Cab ARoy M','P121123',1,1,2,3,1,33.64,55.00,0.00,0,10,100,1,1,1,'2017-09-01 00:00:00','2017-09-01 00:00:00'),(13,1,1,'Pya Cab ARoy GDE','Pya Cab ARoy GDE','P131133',1,1,3,3,1,33.64,55.00,0.00,0,10,100,1,1,1,'2017-09-01 00:00:00','2017-09-01 00:00:00'),(14,1,1,'Pya Cab ARoy XL','Pya Cab ARoy XL','P141143',1,1,4,3,1,33.64,55.00,0.00,0,10,100,1,1,1,'2017-09-01 00:00:00','2017-09-01 00:00:00'),(15,1,1,'Pya Cab ARoy XXL','Pya Cab ARoy XXL','P151153',1,1,5,3,1,40.60,55.00,0.00,0,10,100,1,1,1,'2017-09-01 00:00:00','2017-09-01 00:00:00'),(16,1,1,'Pya Cab Roja CH','Pya Cab Roja CH','P161114',1,1,1,4,1,33.64,55.00,0.00,0,10,100,1,1,1,'2017-09-01 00:00:00','2017-09-01 00:00:00'),(17,1,1,'Pya Cab Roja M','Pya Cab Roja M','P171124',1,1,2,4,1,33.64,55.00,0.00,0,10,100,1,1,1,'2017-09-01 00:00:00','2017-09-01 00:00:00'),(18,1,1,'Pya Cab Roja GDE','Pya Cab Roja GDE','P181134',1,1,3,4,1,33.64,55.00,0.00,0,10,100,1,1,1,'2017-09-01 00:00:00','2017-09-01 00:00:00'),(19,1,1,'Pya Cab Roja XL','Pya Cab Roja XL','P191144',1,1,4,4,1,33.64,55.00,0.00,0,10,100,1,1,1,'2017-09-01 00:00:00','2017-09-01 00:00:00'),(20,1,1,'Pya Cab Roja XXL','Pya Cab Roja XXL','P201154',1,1,5,4,1,40.60,70.00,0.00,0,10,100,1,1,1,'2017-09-01 00:00:00','2017-09-01 00:00:00'),(21,1,1,'Pya Cab Cana CH','Pya Cab Cana CH','P211115',1,1,1,5,1,33.64,55.00,0.00,0,10,100,1,1,1,'2017-09-01 00:00:00','2017-09-01 00:00:00'),(22,1,1,'Pya Cab Cana M','Pya Cab Cana M','P221125',1,1,2,5,1,33.64,55.00,0.00,0,10,100,1,1,1,'2017-09-01 00:00:00','2017-09-01 00:00:00'),(23,1,1,'Pya Cab Cana GDE','Pya Cab Cana GDE','P231135',1,1,3,5,1,33.64,55.00,0.00,0,10,100,1,1,1,'2017-09-01 00:00:00','2017-09-01 00:00:00'),(24,1,1,'Pya Cab Cana XL','Pya Cab Cana XL','P241145',1,1,4,5,1,33.64,55.00,0.00,0,10,100,1,1,1,'2017-09-01 00:00:00','2017-09-01 00:00:00'),(25,1,1,'Pya Cab Cana XXL','Pya Cab Cana XXL','P251155',1,1,5,5,1,40.60,55.00,0.00,0,10,100,1,1,1,'2017-09-01 00:00:00','2017-09-01 00:00:00'),(26,1,1,'Pya Cab Turq CH','Pya Cab Turq CH','P261116',1,1,1,6,1,33.64,55.00,0.00,0,10,100,1,1,1,'2017-09-01 00:00:00','2017-09-01 00:00:00'),(27,1,1,'Pya Cab Turq M','Pya Cab Turq M','P271126',1,1,2,6,1,33.64,55.00,0.00,0,10,100,1,1,1,'2017-09-01 00:00:00','2017-09-01 00:00:00'),(28,1,1,'Pya Cab Turq GDE','Pya Cab Turq GDE','P281136',1,1,3,6,1,33.64,55.00,0.00,0,10,100,1,1,1,'2017-09-01 00:00:00','2017-09-01 00:00:00'),(29,1,1,'Pya Cab Turq XL','Pya Cab Turq XL','P291146',1,1,4,6,1,33.64,55.00,0.00,0,10,100,1,1,1,'2017-09-01 00:00:00','2017-09-01 00:00:00'),(30,1,1,'Pya Cab Turq XXL','Pya Cab Turq XXL','P301156',1,1,5,6,1,40.60,70.00,0.00,0,10,100,1,1,1,'2017-09-01 00:00:00','2017-09-01 00:00:00'),(31,1,1,'Pya Cab Carb CH','Pya Cab Carb CH','P311117',1,1,1,7,1,33.64,55.00,0.00,0,10,100,1,1,1,'2017-09-01 00:00:00','2017-09-01 00:00:00'),(32,1,1,'Pya Cab Carb M','Pya Cab Carb M','P321127',1,1,2,7,1,33.64,55.00,0.00,0,10,100,1,1,1,'2017-09-01 00:00:00','2017-09-01 00:00:00'),(33,1,1,'Pya Cab Carb GDE','Pya Cab Carb GDE','P331137',1,1,3,7,1,33.64,55.00,0.00,0,10,100,1,1,1,'2017-09-01 00:00:00','2017-09-01 00:00:00'),(34,1,1,'Pya Cab Carb XL','Pya Cab Carb XL','P341147',1,1,4,7,1,33.64,55.00,0.00,0,10,100,1,1,1,'2017-09-01 00:00:00','2017-09-01 00:00:00'),(35,1,1,'Pya Cab Carb XXL','Pya Cab Carb XXL','P351157',1,1,5,7,1,40.60,55.00,0.00,0,10,100,1,1,1,'2017-09-01 00:00:00','2017-09-01 00:00:00'),(36,1,1,'Pya Cab GJasp CH','Pya Cab GJasp CH','P361118',1,1,1,8,1,33.64,55.00,0.00,0,10,100,1,1,1,'2017-09-01 00:00:00','2017-09-01 00:00:00'),(37,1,1,'Pya Cab GJasp M','Pya Cab GJasp M','P371128',1,1,2,8,1,33.64,55.00,0.00,0,10,100,1,1,1,'2017-09-01 00:00:00','2017-09-01 00:00:00'),(38,1,1,'Pya Cab GJasp GDE','Pya Cab GJasp GDE','P381138',1,1,3,8,1,33.64,55.00,0.00,0,10,100,1,1,1,'2017-09-01 00:00:00','2017-09-01 00:00:00'),(39,1,1,'Pya Cab GJasp XL','Pya Cab GJasp XL','P391148',1,1,4,8,1,33.64,55.00,0.00,0,10,100,1,1,1,'2017-09-01 00:00:00','2017-09-01 00:00:00'),(40,1,1,'Pya Cab GJasp XXL','Pya Cab GJasp XXL','P401158',1,1,5,8,1,40.60,70.00,0.00,0,10,100,1,1,1,'2017-09-01 00:00:00','2017-09-01 00:00:00'),(41,1,1,'Pya Dama Bca XCH','Pya Dama Bca XCH','P411261',1,2,6,1,1,28.42,45.00,0.00,0,10,100,1,1,1,'2017-09-01 00:00:00','2017-09-01 00:00:00'),(42,1,1,'Pya Dama Bca CH','Pya Dama Bca CH','P421211',1,2,1,1,1,28.42,45.00,0.00,0,10,100,1,1,1,'2017-09-01 00:00:00','2017-09-01 00:00:00'),(43,1,1,'Pya Dama Bca M','Pya Dama Bca M','P431221',1,2,2,1,1,28.42,45.00,0.00,0,10,100,1,1,1,'2017-09-01 00:00:00','2017-09-01 00:00:00'),(44,1,1,'Pya Dama Bca L','Pya Dama Bca L','P441271',1,2,7,1,1,28.42,45.00,0.00,0,10,100,1,1,1,'2017-09-01 00:00:00','2017-09-01 00:00:00'),(45,1,1,'Pya Dama Bca XL','Pya Dama Bca XL','P451241',1,2,4,1,1,28.42,45.00,0.00,0,10,100,1,1,1,'2017-09-01 00:00:00','2017-09-01 00:00:00'),(46,1,1,'Pya Dama Neg XCH','Pya Dama Neg XCH','P461262',1,2,6,2,1,33.64,55.00,0.00,0,10,100,1,1,1,'2017-09-01 00:00:00','2017-09-01 00:00:00'),(47,1,1,'Pya Dama Neg CH','Pya Dama Neg CH','P471212',1,2,1,2,1,33.64,55.00,0.00,0,10,100,1,1,1,'2017-09-01 00:00:00','2017-09-01 00:00:00'),(48,1,1,'Pya Dama Neg M','Pya Dama Neg M','P481222',1,2,2,2,1,33.64,55.00,0.00,0,10,100,1,1,1,'2017-09-01 00:00:00','2017-09-01 00:00:00'),(49,1,1,'Pya Dama Neg L','Pya Dama Neg L','P491272',1,2,7,2,1,33.64,55.00,0.00,0,10,100,1,1,1,'2017-09-01 00:00:00','2017-09-01 00:00:00'),(50,1,1,'Pya Dama Neg XL','Pya Dama Neg XL','P501242',1,2,4,2,1,33.64,55.00,0.00,0,10,100,1,1,1,'2017-09-01 00:00:00','2017-09-01 00:00:00'),(51,1,1,'Pya Dama ARoy XCH','Pya Dama ARoy XCH','P511263',1,2,6,3,1,33.64,55.00,0.00,0,10,100,1,1,1,'2017-09-01 00:00:00','2017-09-01 00:00:00'),(52,1,1,'Pya Dama ARoy CH','Pya Dama ARoy CH','P521213',1,2,1,3,1,33.64,55.00,0.00,0,10,100,1,1,1,'2017-09-01 00:00:00','2017-09-01 00:00:00'),(53,1,1,'Pya Dama ARoy M','Pya Dama ARoy M','P531223',1,2,2,3,1,33.64,55.00,0.00,0,10,100,1,1,1,'2017-09-01 00:00:00','2017-09-01 00:00:00'),(54,1,1,'Pya Dama ARoy L','Pya Dama ARoy L','P541273',1,2,7,3,1,33.64,55.00,0.00,0,10,100,1,1,1,'2017-09-01 00:00:00','2017-09-01 00:00:00'),(55,1,1,'Pya Dama ARoy XL','Pya Dama ARoy XL','P551243',1,2,4,3,1,33.64,55.00,0.00,0,10,100,1,1,1,'2017-09-01 00:00:00','2017-09-01 00:00:00'),(56,1,1,'Pya Dama Roja XCH','Pya Dama Roja XCH','P561264',1,2,6,4,1,33.64,55.00,0.00,0,10,100,1,1,1,'2017-09-01 00:00:00','2017-09-01 00:00:00'),(57,1,1,'Pya Dama Roja CH','Pya Dama Roja CH','P571214',1,2,1,4,1,33.64,55.00,0.00,0,10,100,1,1,1,'2017-09-01 00:00:00','2017-09-01 00:00:00'),(58,1,1,'Pya Dama Roja M','Pya Dama Roja M','P581224',1,2,2,4,1,33.64,55.00,0.00,0,10,100,1,1,1,'2017-09-01 00:00:00','2017-09-01 00:00:00'),(59,1,1,'Pya Dama Roja L','Pya Dama Roja L','P591274',1,2,7,4,1,33.64,55.00,0.00,0,10,100,1,1,1,'2017-09-01 00:00:00','2017-09-01 00:00:00'),(60,1,1,'Pya Dama Roja XL','Pya Dama Roja XL','P601244',1,2,4,4,1,33.64,55.00,0.00,0,10,100,1,1,1,'2017-09-01 00:00:00','2017-09-01 00:00:00'),(61,1,1,'Pya Dama Cana XCH','Pya Dama Cana XCH','P611265',1,2,6,5,1,33.64,55.00,0.00,0,10,100,1,1,1,'2017-09-01 00:00:00','2017-09-01 00:00:00'),(62,1,1,'Pya Dama Cana CH','Pya Dama Cana CH','P621215',1,2,1,5,1,33.64,55.00,0.00,0,10,100,1,1,1,'2017-09-01 00:00:00','2017-09-01 00:00:00'),(63,1,1,'Pya Dama Cana M','Pya Dama Cana M','P631225',1,2,2,5,1,33.64,55.00,0.00,0,10,100,1,1,1,'2017-09-01 00:00:00','2017-09-01 00:00:00'),(64,1,1,'Pya Dama Cana L','Pya Dama Cana L','P641275',1,2,7,5,1,33.64,55.00,0.00,0,10,100,1,1,1,'2017-09-01 00:00:00','2017-09-01 00:00:00'),(65,1,1,'Pya Dama Cana XL','Pya Dama Cana XL','P651245',1,2,4,5,1,33.64,55.00,0.00,0,10,100,1,1,1,'2017-09-01 00:00:00','2017-09-01 00:00:00'),(66,1,1,'Pya Dama Turq XCH','Pya Dama Turq XCH','P661266',1,2,6,6,1,33.64,55.00,0.00,0,10,100,1,1,1,'2017-09-01 00:00:00','2017-09-01 00:00:00'),(67,1,1,'Pya Dama Turq CH','Pya Dama Turq CH','P671216',1,2,1,6,1,33.64,55.00,0.00,0,10,100,1,1,1,'2017-09-01 00:00:00','2017-09-01 00:00:00'),(68,1,1,'Pya Dama Turq M','Pya Dama Turq M','P681226',1,2,2,6,1,33.64,55.00,0.00,0,10,100,1,1,1,'2017-09-01 00:00:00','2017-09-01 00:00:00'),(69,1,1,'Pya Dama Turq L','Pya Dama Turq L','P691276',1,2,7,6,1,33.64,55.00,0.00,0,10,100,1,1,1,'2017-09-01 00:00:00','2017-09-01 00:00:00'),(70,1,1,'Pya Dama Turq XL','Pya Dama Turq XL','P701246',1,2,4,6,1,33.64,55.00,0.00,0,10,100,1,1,1,'2017-09-01 00:00:00','2017-09-01 00:00:00'),(71,1,1,'Pya Dama Carb XCH','Pya Dama Carb XCH','P711267',1,2,6,7,1,33.64,55.00,0.00,0,10,100,1,1,1,'2017-09-01 00:00:00','2017-09-01 00:00:00'),(72,1,1,'Pya Dama Carb CH','Pya Dama Carb CH','P721217',1,2,1,7,1,33.64,55.00,0.00,0,10,100,1,1,1,'2017-09-01 00:00:00','2017-09-01 00:00:00'),(73,1,1,'Pya Dama Carb M','Pya Dama Carb M','P731227',1,2,2,7,1,33.64,55.00,0.00,0,10,100,1,1,1,'2017-09-01 00:00:00','2017-09-01 00:00:00'),(74,1,1,'Pya Dama Carb L','Pya Dama Carb L','P741277',1,2,7,7,1,33.64,55.00,0.00,0,10,100,1,1,1,'2017-09-01 00:00:00','2017-09-01 00:00:00'),(75,1,1,'Pya Dama Carb XL','Pya Dama Carb XL','P751247',1,2,4,7,1,33.64,55.00,0.00,0,10,100,1,1,1,'2017-09-01 00:00:00','2017-09-01 00:00:00'),(76,1,1,'Pya Dama GJasp XCH','Pya Dama GJasp XCH','P761268',1,2,6,8,1,33.64,55.00,0.00,0,10,100,1,1,1,'2017-09-01 00:00:00','2017-09-01 00:00:00'),(77,1,1,'Pya Dama GJasp CH','Pya Dama GJasp CH','P771218',1,2,1,8,1,33.64,55.00,0.00,0,10,100,1,1,1,'2017-09-01 00:00:00','2017-09-01 00:00:00'),(78,1,1,'Pya Dama GJasp M','Pya Dama GJasp M','P781228',1,2,2,8,1,33.64,55.00,0.00,0,10,100,1,1,1,'2017-09-01 00:00:00','2017-09-01 00:00:00'),(79,1,1,'Pya Dama GJasp L','Pya Dama GJasp L','P791278',1,2,7,8,1,33.64,55.00,0.00,0,10,100,1,1,1,'2017-09-01 00:00:00','2017-09-01 00:00:00'),(80,1,1,'Pya Dama GJasp XL','Pya Dama GJasp XL','P801248',1,2,4,8,1,33.64,55.00,0.00,0,10,100,1,1,1,'2017-09-01 00:00:00','2017-09-01 00:00:00'),(81,1,1,'Pya Juv Bca CH','Pya Juv Bca CH','P811311',1,3,1,1,1,23.20,35.00,0.00,0,10,100,1,1,1,'2017-09-01 00:00:00','2017-09-01 00:00:00'),(82,1,1,'Pya Juv Bca M','Pya Juv Bca M','P821321',1,3,2,1,1,23.20,35.00,0.00,0,10,100,1,1,1,'2017-09-01 00:00:00','2017-09-01 00:00:00'),(83,1,1,'Pya Juv Bca GDE','Pya Juv Bca GDE','P831331',1,3,3,1,1,23.20,35.00,0.00,0,10,100,1,1,1,'2017-09-01 00:00:00','2017-09-01 00:00:00'),(84,1,1,'Pya Juv Bca XL','Pya Juv Bca XL','P841341',1,3,4,1,1,23.20,35.00,0.00,0,10,100,1,1,1,'2017-09-01 00:00:00','2017-09-01 00:00:00'),(85,1,1,'Pya Juv Neg CH','Pya Juv Neg CH','P851312',1,3,1,2,1,27.26,35.00,0.00,0,10,100,1,1,1,'2017-09-01 00:00:00','2017-09-01 00:00:00'),(86,1,1,'Pya Juv Neg M','Pya Juv Neg M','P861322',1,3,2,2,1,27.26,35.00,0.00,0,10,100,1,1,1,'2017-09-01 00:00:00','2017-09-01 00:00:00'),(87,1,1,'Pya Juv Neg GDE','Pya Juv Neg GDE','P871332',1,3,3,2,1,27.26,35.00,0.00,0,10,100,1,1,1,'2017-09-01 00:00:00','2017-09-01 00:00:00'),(88,1,1,'Pya Juv Neg XL','Pya Juv Neg XL','P881342',1,3,4,2,1,27.26,35.00,0.00,0,10,100,1,1,1,'2017-09-01 00:00:00','2017-09-01 00:00:00'),(89,1,1,'Pya Juv ARoy CH','Pya Juv ARoy CH','P891313',1,3,1,3,1,27.26,35.00,0.00,0,10,100,1,1,1,'2017-09-01 00:00:00','2017-09-01 00:00:00'),(90,1,1,'Pya Juv ARoy M','Pya Juv ARoy M','P901323',1,3,2,3,1,27.26,35.00,0.00,0,10,100,1,1,1,'2017-09-01 00:00:00','2017-09-01 00:00:00'),(91,1,1,'Pya Juv ARoy GDE','Pya Juv ARoy GDE','P911333',1,3,3,3,1,27.26,35.00,0.00,0,10,100,1,1,1,'2017-09-01 00:00:00','2017-09-01 00:00:00'),(92,1,1,'Pya Juv ARoy XL','Pya Juv ARoy XL','P921343',1,3,4,3,1,27.26,35.00,0.00,0,10,100,1,1,1,'2017-09-01 00:00:00','2017-09-01 00:00:00'),(93,1,1,'Pya Juv Roja CH','Pya Juv Roja CH','P931314',1,3,1,4,1,27.26,35.00,0.00,0,10,100,1,1,1,'2017-09-01 00:00:00','2017-09-01 00:00:00'),(94,1,1,'Pya Juv Roja M','Pya Juv Roja M','P941324',1,3,2,4,1,27.26,35.00,0.00,0,10,100,1,1,1,'2017-09-01 00:00:00','2017-09-01 00:00:00'),(95,1,1,'Pya Juv Roja GDE','Pya Juv Roja GDE','P951334',1,3,3,4,1,27.26,35.00,0.00,0,10,100,1,1,1,'2017-09-01 00:00:00','2017-09-01 00:00:00'),(96,1,1,'Pya Juv Roja XL','Pya Juv Roja XL','P961344',1,3,4,4,1,27.26,35.00,0.00,0,10,100,1,1,1,'2017-09-01 00:00:00','2017-09-01 00:00:00'),(97,1,1,'Pya Juv Cana CH','Pya Juv Cana CH','P971315',1,3,1,5,1,27.26,35.00,0.00,0,10,100,1,1,1,'2017-09-01 00:00:00','2017-09-01 00:00:00'),(98,1,1,'Pya Juv Cana M','Pya Juv Cana M','P981325',1,3,2,5,1,27.26,35.00,0.00,0,10,100,1,1,1,'2017-09-01 00:00:00','2017-09-01 00:00:00'),(99,1,1,'Pya Juv Cana GDE','Pya Juv Cana GDE','P991335',1,3,3,5,1,27.26,35.00,0.00,0,10,100,1,1,1,'2017-09-01 00:00:00','2017-09-01 00:00:00'),(100,1,1,'Pya Juv Cana XL','Pya Juv Cana XL','P1001345',1,3,4,5,1,27.26,35.00,0.00,0,10,100,1,1,1,'2017-09-01 00:00:00','2017-09-01 00:00:00'),(101,1,1,'Pya Juv Turq CH','Pya Juv Turq CH','P1011316',1,3,1,6,1,27.26,35.00,0.00,0,10,100,1,1,1,'2017-09-01 00:00:00','2017-09-01 00:00:00'),(102,1,1,'Pya Juv Turq M','Pya Juv Turq M','P1021326',1,3,2,6,1,27.26,35.00,0.00,0,10,100,1,1,1,'2017-09-01 00:00:00','2017-09-01 00:00:00'),(103,1,1,'Pya Juv Turq GDE','Pya Juv Turq GDE','P1031336',1,3,3,6,1,27.26,35.00,0.00,0,10,100,1,1,1,'2017-09-01 00:00:00','2017-09-01 00:00:00'),(104,1,1,'Pya Juv Turq XL','Pya Juv Turq XL','P1041346',1,3,4,6,1,27.26,35.00,0.00,0,10,100,1,1,1,'2017-09-01 00:00:00','2017-09-01 00:00:00'),(105,1,1,'Pya Juv Carb CH','Pya Juv Carb CH','P1051318',1,3,1,8,1,27.26,35.00,0.00,0,10,100,1,1,1,'2017-09-01 00:00:00','2017-09-01 00:00:00'),(106,1,1,'Pya Juv Carb M','Pya Juv Carb M','P1061327',1,3,2,7,1,27.26,35.00,0.00,0,10,100,1,1,1,'2017-09-01 00:00:00','2017-09-01 00:00:00'),(107,1,1,'Pya Juv Carb GDE','Pya Juv Carb GDE','P1071337',1,3,3,7,1,27.26,35.00,0.00,0,10,100,1,1,1,'2017-09-01 00:00:00','2017-09-01 00:00:00'),(108,1,1,'Pya Juv Carb XL','Pya Juv Carb XL','P1081347',1,3,4,7,1,27.26,35.00,0.00,0,10,100,1,1,1,'2017-09-01 00:00:00','2017-09-01 00:00:00'),(109,1,1,'Pya Juv GJasp CH','Pya Juv GJasp CH','P1091318',1,3,1,8,1,27.26,35.00,0.00,0,10,100,1,1,1,'2017-09-01 00:00:00','2017-09-01 00:00:00'),(110,1,1,'Pya Juv GJasp M','Pya Juv GJasp M','P1101328',1,3,2,8,1,27.26,35.00,0.00,0,10,100,1,1,1,'2017-09-01 00:00:00','2017-09-01 00:00:00'),(111,1,1,'Pya Juv GJasp GDE','Pya Juv GJasp GDE','P1111338',1,3,3,8,1,27.26,35.00,0.00,0,10,100,1,1,1,'2017-09-01 00:00:00','2017-09-01 00:00:00'),(112,1,1,'Pya Juv GJasp XL','Pya Juv GJasp XL','P1121348',1,3,4,8,1,27.26,35.00,0.00,0,10,100,1,1,1,'2017-09-01 00:00:00','2017-09-01 00:00:00'),(113,1,1,'Pya Ni','Pya Ni','P1131411',1,4,1,1,1,20.30,30.00,0.00,0,10,100,1,1,1,'2017-09-01 00:00:00','2017-09-01 00:00:00'),(114,1,1,'Pya Ni','Pya Ni','P1141421',1,4,2,1,1,20.30,30.00,0.00,0,10,100,1,1,1,'2017-09-01 00:00:00','2017-09-01 00:00:00'),(115,1,1,'Pya Ni','Pya Ni','P1151431',1,4,3,1,1,20.30,30.00,0.00,0,10,100,1,1,1,'2017-09-01 00:00:00','2017-09-01 00:00:00'),(116,1,1,'Pya Ni','Pya Ni','P1161441',1,4,4,1,1,20.30,30.00,0.00,0,10,100,1,1,1,'2017-09-01 00:00:00','2017-09-01 00:00:00'),(117,1,1,'Pya Ni','Pya Ni','P1171412',1,4,1,2,1,24.36,35.00,0.00,0,10,100,1,1,1,'2017-09-01 00:00:00','2017-09-01 00:00:00'),(118,1,1,'Pya Ni','Pya Ni','P1181422',1,4,2,2,1,24.36,35.00,0.00,0,10,100,1,1,1,'2017-09-01 00:00:00','2017-09-01 00:00:00'),(119,1,1,'Pya Ni','Pya Ni','P1191432',1,4,3,2,1,24.36,35.00,0.00,0,10,100,1,1,1,'2017-09-01 00:00:00','2017-09-01 00:00:00'),(120,1,1,'Pya Ni','Pya Ni','P1201442',1,4,4,2,1,24.36,35.00,0.00,0,10,100,1,1,1,'2017-09-01 00:00:00','2017-09-01 00:00:00'),(121,1,1,'Pya Ni','Pya Ni','P1211413',1,4,1,3,1,24.36,35.00,0.00,0,10,100,1,1,1,'2017-09-01 00:00:00','2017-09-01 00:00:00'),(122,1,1,'Pya Ni','Pya Ni','P1221423',1,4,2,3,1,24.36,35.00,0.00,0,10,100,1,1,1,'2017-09-01 00:00:00','2017-09-01 00:00:00'),(123,1,1,'Pya Ni','Pya Ni','P1231433',1,4,3,3,1,24.36,35.00,0.00,0,10,100,1,1,1,'2017-09-01 00:00:00','2017-09-01 00:00:00'),(124,1,1,'Pya Ni','Pya Ni','P1241443',1,4,4,3,1,24.36,35.00,0.00,0,10,100,1,1,1,'2017-09-01 00:00:00','2017-09-01 00:00:00'),(125,1,1,'Pya Ni','Pya Ni','P1251414',1,4,1,4,1,24.36,35.00,0.00,0,10,100,1,1,1,'2017-09-01 00:00:00','2017-09-01 00:00:00'),(126,1,1,'Pya Ni','Pya Ni','P1261424',1,4,2,4,1,24.36,35.00,0.00,0,10,100,1,1,1,'2017-09-01 00:00:00','2017-09-01 00:00:00'),(127,1,1,'Pya Ni','Pya Ni','P1271434',1,4,3,4,1,24.36,35.00,0.00,0,10,100,1,1,1,'2017-09-01 00:00:00','2017-09-01 00:00:00'),(128,1,1,'Pya Ni','Pya Ni','P1281444',1,4,4,4,1,24.36,35.00,0.00,0,10,100,1,1,1,'2017-09-01 00:00:00','2017-09-01 00:00:00'),(129,1,1,'Pya Ni','Pya Ni','P1291415',1,4,1,5,1,24.36,35.00,0.00,0,10,100,1,1,1,'2017-09-01 00:00:00','2017-09-01 00:00:00'),(130,1,1,'Pya Ni','Pya Ni','P1301425',1,4,2,5,1,24.36,35.00,0.00,0,10,100,1,1,1,'2017-09-01 00:00:00','2017-09-01 00:00:00'),(131,1,1,'Pya Ni','Pya Ni','P1311435',1,4,3,5,1,24.36,35.00,0.00,0,10,100,1,1,1,'2017-09-01 00:00:00','2017-09-01 00:00:00'),(132,1,1,'Pya Ni','Pya Ni','P1321445',1,4,4,5,1,24.36,35.00,0.00,0,10,100,1,1,1,'2017-09-01 00:00:00','2017-09-01 00:00:00'),(133,1,1,'Pya Ni','Pya Ni','P1331416',1,4,1,6,1,24.36,35.00,0.00,0,10,100,1,1,1,'2017-09-01 00:00:00','2017-09-01 00:00:00'),(134,1,1,'Pya Ni','Pya Ni','P1341426',1,4,2,6,1,24.36,35.00,0.00,0,10,100,1,1,1,'2017-09-01 00:00:00','2017-09-01 00:00:00'),(135,1,1,'Pya Ni','Pya Ni','P1351436',1,4,3,6,1,24.36,35.00,0.00,0,10,100,1,1,1,'2017-09-01 00:00:00','2017-09-01 00:00:00'),(136,1,1,'Pya Ni','Pya Ni','P1361446',1,4,4,6,1,24.36,35.00,0.00,0,10,100,1,1,1,'2017-09-01 00:00:00','2017-09-01 00:00:00'),(137,1,1,'Pya Ni','Pya Ni','P1371417',1,4,1,7,1,24.36,35.00,0.00,0,10,100,1,1,1,'2017-09-01 00:00:00','2017-09-01 00:00:00'),(138,1,1,'Pya Ni','Pya Ni','P1381427',1,4,2,7,1,24.36,35.00,0.00,0,10,100,1,1,1,'2017-09-01 00:00:00','2017-09-01 00:00:00'),(139,1,1,'Pya Ni','Pya Ni','P1391437',1,4,3,7,1,24.36,35.00,0.00,0,10,100,1,1,1,'2017-09-01 00:00:00','2017-09-01 00:00:00'),(140,1,1,'Pya Ni','Pya Ni','P1401447',1,4,4,7,1,24.36,35.00,0.00,0,10,100,1,1,1,'2017-09-01 00:00:00','2017-09-01 00:00:00'),(141,1,1,'Pya Ni','Pya Ni','P1411418',1,4,1,8,1,24.36,35.00,0.00,0,10,100,1,1,1,'2017-09-01 00:00:00','2017-09-01 00:00:00'),(142,1,1,'Pya Ni','Pya Ni','P1421428',1,4,2,8,1,24.36,35.00,0.00,0,10,100,1,1,1,'2017-09-01 00:00:00','2017-09-01 00:00:00'),(143,1,1,'Pya Ni','Pya Ni','P1431438',1,4,3,8,1,24.36,35.00,0.00,0,10,100,1,1,1,'2017-09-01 00:00:00','2017-09-01 00:00:00'),(144,1,1,'Pya Ni','Pya Ni','P1441448',1,4,4,8,1,24.36,35.00,0.00,0,10,100,1,1,1,'2017-09-01 00:00:00','2017-09-01 00:00:00'),(145,1,1,'Pya Bebe Bca T1','Pya Bebe Bca T1','P1451581',1,5,8,1,1,18.56,30.00,0.00,0,10,100,1,1,1,'2017-09-01 00:00:00','2017-09-01 00:00:00'),(146,1,1,'Pya Bebe Bca T2','Pya Bebe Bca T2','P1461591',1,5,9,1,1,18.56,30.00,0.00,0,10,100,1,1,1,'2017-09-01 00:00:00','2017-09-01 00:00:00'),(147,1,1,'Pya Bebe Bca T3','Pya Bebe Bca T3','P14715101',1,5,10,1,1,18.56,30.00,0.00,0,10,100,1,1,1,'2017-09-01 00:00:00','2017-09-01 00:00:00'),(148,1,1,'Pya Bebe Neg T1','Pya Bebe Neg T1','P1481582',1,5,8,2,1,22.04,30.00,0.00,0,10,100,1,1,1,'2017-09-01 00:00:00','2017-09-01 00:00:00'),(149,1,1,'Pya Bebe Neg T2','Pya Bebe Neg T2','P1491592',1,5,9,2,1,22.04,30.00,0.00,0,10,100,1,1,1,'2017-09-01 00:00:00','2017-09-01 00:00:00'),(150,1,1,'Pya Bebe Neg T3','Pya Bebe Neg T3','P15015102',1,5,10,2,1,22.04,30.00,0.00,0,10,100,1,1,1,'2017-09-01 00:00:00','2017-09-01 00:00:00'),(151,1,1,'Pya Bebe ARoy T1','Pya Bebe ARoy T1','P1511583',1,5,8,3,1,22.04,30.00,0.00,0,10,100,1,1,1,'2017-09-01 00:00:00','2017-09-01 00:00:00'),(152,1,1,'Pya Bebe ARoy T2','Pya Bebe ARoy T2','P1521593',1,5,9,3,1,22.04,30.00,0.00,0,10,100,1,1,1,'2017-09-01 00:00:00','2017-09-01 00:00:00'),(153,1,1,'Pya Bebe ARoy T3','Pya Bebe ARoy T3','P15315103',1,5,10,3,1,22.04,30.00,0.00,0,10,100,1,1,1,'2017-09-01 00:00:00','2017-09-01 00:00:00'),(154,1,1,'Pya Bebe Roja T1','Pya Bebe Roja T1','P1541584',1,5,8,4,1,22.04,30.00,0.00,0,10,100,1,1,1,'2017-09-01 00:00:00','2017-09-01 00:00:00'),(155,1,1,'Pya Bebe Roja T2','Pya Bebe Roja T2','P1551594',1,5,9,4,1,22.04,30.00,0.00,0,10,100,1,1,1,'2017-09-01 00:00:00','2017-09-01 00:00:00'),(156,1,1,'Pya Bebe Roja T3','Pya Bebe Roja T3','P15615104',1,5,10,4,1,22.04,30.00,0.00,0,10,100,1,1,1,'2017-09-01 00:00:00','2017-09-01 00:00:00'),(157,1,1,'Pya Bebe Cana T1','Pya Bebe Cana T1','P1571585',1,5,8,5,1,22.04,30.00,0.00,0,10,100,1,1,1,'2017-09-01 00:00:00','2017-09-01 00:00:00'),(158,1,1,'Pya Bebe Cana T2','Pya Bebe Cana T2','P1581595',1,5,9,5,1,22.04,30.00,0.00,0,10,100,1,1,1,'2017-09-01 00:00:00','2017-09-01 00:00:00'),(159,1,1,'Pya Bebe Cana T3','Pya Bebe Cana T3','P15915105',1,5,10,5,1,22.04,30.00,0.00,0,10,100,1,1,1,'2017-09-01 00:00:00','2017-09-01 00:00:00'),(160,1,1,'Pya Bebe Turq T1','Pya Bebe Turq T1','P1601586',1,5,8,6,1,22.04,30.00,0.00,0,10,100,1,1,1,'2017-09-01 00:00:00','2017-09-01 00:00:00'),(161,1,1,'Pya Bebe Turq T2','Pya Bebe Turq T2','P1611596',1,5,9,6,1,22.04,30.00,0.00,0,10,100,1,1,1,'2017-09-01 00:00:00','2017-09-01 00:00:00'),(162,1,1,'Pya Bebe Turq T3','Pya Bebe Turq T3','P16215106',1,5,10,6,1,22.04,30.00,0.00,0,10,100,1,1,1,'2017-09-01 00:00:00','2017-09-01 00:00:00'),(163,1,1,'Pya Bebe Carb T1','Pya Bebe Carb T1','P1631587',1,5,8,7,1,22.04,30.00,0.00,0,10,100,1,1,1,'2017-09-01 00:00:00','2017-09-01 00:00:00'),(164,1,1,'Pya Bebe Carb T2','Pya Bebe Carb T2','P1641597',1,5,9,7,1,22.04,30.00,0.00,0,10,100,1,1,1,'2017-09-01 00:00:00','2017-09-01 00:00:00'),(165,1,1,'Pya Bebe Carb T3','Pya Bebe Carb T3','P16515107',1,5,10,7,1,22.04,30.00,0.00,0,10,100,1,1,1,'2017-09-01 00:00:00','2017-09-01 00:00:00'),(166,1,1,'Pya Bebe GJasp T1','Pya Bebe GJasp T1','P1661588',1,5,8,8,1,22.04,30.00,0.00,0,10,100,1,1,1,'2017-09-01 00:00:00','2017-09-01 00:00:00'),(167,1,1,'Pya Bebe GJasp T2','Pya Bebe GJasp T2','P1671598',1,5,9,8,1,22.04,30.00,0.00,0,10,100,1,1,1,'2017-09-01 00:00:00','2017-09-01 00:00:00'),(168,1,1,'Pya Bebe GJasp T3','Pya Bebe GJasp T3','P16815108',1,5,10,8,1,22.04,30.00,0.00,0,10,100,1,1,1,'2017-09-01 00:00:00','2017-09-01 00:00:00'),(169,1,1,'Pya Poly Cab Bca CH','Pya Poly Cab Bca CH','P1692111',2,1,1,1,1,48.00,120.00,0.00,0,10,100,1,1,1,'2017-09-01 00:00:00','2017-09-01 00:00:00'),(170,1,1,'Pya Poly Cab Bca M','Pya Poly Cab Bca M','P1702121',2,1,2,1,1,48.00,120.00,0.00,0,10,100,1,1,1,'2017-09-01 00:00:00','2017-09-01 00:00:00'),(171,1,1,'Pya Poly Cab Bca GDE','Pya Poly Cab Bca GDE','P1712131',2,1,3,1,1,48.00,120.00,0.00,0,10,100,1,1,1,'2017-09-01 00:00:00','2017-09-01 00:00:00'),(172,1,1,'Pya Poly Cab Bca XL','Pya Poly Cab Bca XL','P1722141',2,1,4,1,1,48.00,120.00,0.00,0,10,100,1,1,1,'2017-09-01 00:00:00','2017-09-01 00:00:00'),(173,1,1,'Pya Poly Cab Bca XXL','Pya Poly Cab Bca XXL','P1732151',2,1,5,1,1,48.00,120.00,0.00,0,10,100,1,1,1,'2017-09-01 00:00:00','2017-09-01 00:00:00'),(174,1,1,'Pya Poly Dama Bca XCH','Pya Poly Dama Bca XCH','P1742261',2,2,6,1,1,48.00,120.00,0.00,0,10,100,1,1,1,'2017-09-01 00:00:00','2017-09-01 00:00:00'),(175,1,1,'Pya Poly Dama Bca CH','Pya Poly Dama Bca CH','P1752211',2,2,1,1,1,48.00,120.00,0.00,0,10,100,1,1,1,'2017-09-01 00:00:00','2017-09-01 00:00:00'),(176,1,1,'Pya Poly Dama Bca M','Pya Poly Dama Bca M','P1762221',2,2,2,1,1,48.00,120.00,0.00,0,10,100,1,1,1,'2017-09-01 00:00:00','2017-09-01 00:00:00'),(177,1,1,'Pya Poly Dama Bca L','Pya Poly Dama Bca L','P1772271',2,2,7,1,1,48.00,120.00,0.00,0,10,100,1,1,1,'2017-09-01 00:00:00','2017-09-01 00:00:00'),(178,1,1,'Pya Poly Dama Bca XL','Pya Poly Dama Bca XL','P1782241',2,2,4,1,1,48.00,120.00,0.00,0,10,100,1,1,1,'2017-09-01 00:00:00','2017-09-01 00:00:00'),(179,1,1,'Pya Ni','Pya Ni','P1791411',1,4,1,1,1,42.00,95.00,0.00,0,10,100,1,1,1,'2017-09-01 00:00:00','2017-09-01 00:00:00'),(180,1,1,'Pya Ni','Pya Ni','P1801421',1,4,2,1,1,42.00,95.00,0.00,0,10,100,1,1,1,'2017-09-01 00:00:00','2017-09-01 00:00:00'),(181,1,1,'Pya Ni','Pya Ni','P1811431',1,4,3,1,1,42.00,95.00,0.00,0,10,100,1,1,1,'2017-09-01 00:00:00','2017-09-01 00:00:00'),(182,1,1,'Pya Ni','Pya Ni','P1821441',1,4,4,1,1,42.00,95.00,0.00,0,10,100,1,1,1,'2017-09-01 00:00:00','2017-09-01 00:00:00'),(183,1,1,'Sud Cy Cang Cab Neg CH','Sud Cy Cang Cab Neg CH','S1833112',3,1,1,2,1,145.00,190.00,0.00,0,10,100,1,1,1,'2017-09-01 00:00:00','2017-09-01 00:00:00'),(184,1,1,'Sud Cy Cang Cab Neg M','Sud Cy Cang Cab Neg M','S1843122',3,1,2,2,1,145.00,190.00,0.00,0,10,100,1,1,1,'2017-09-01 00:00:00','2017-09-01 00:00:00'),(185,1,1,'Sud Cy Cang Cab Neg L','Sud Cy Cang Cab Neg L','S1853172',3,1,7,2,1,145.00,190.00,0.00,0,10,100,1,1,1,'2017-09-01 00:00:00','2017-09-01 00:00:00'),(186,1,1,'Sud Cy Cang Cab Neg XL','Sud Cy Cang Cab Neg XL','S1863142',3,1,4,2,1,145.00,190.00,0.00,0,10,100,1,1,1,'2017-09-01 00:00:00','2017-09-01 00:00:00'),(187,1,1,'Sud Cy Cang Cab Neg XXL','Sud Cy Cang Cab Neg XXL','S1873152',3,1,5,2,1,174.00,230.00,0.00,0,10,100,1,1,1,'2017-09-01 00:00:00','2017-09-01 00:00:00'),(188,1,1,'Sud Cy Cang Cab Bca CH','Sud Cy Cang Cab Bca CH','S1883111',3,1,1,1,1,145.00,190.00,0.00,0,10,100,1,1,1,'2017-09-01 00:00:00','2017-09-01 00:00:00'),(189,1,1,'Sud Cy Cang Cab Bca M','Sud Cy Cang Cab Bca M','S1893121',3,1,2,1,1,145.00,190.00,0.00,0,10,100,1,1,1,'2017-09-01 00:00:00','2017-09-01 00:00:00'),(190,1,1,'Sud Cy Cang Cab Bca L','Sud Cy Cang Cab Bca L','S1903171',3,1,7,1,1,145.00,190.00,0.00,0,10,100,1,1,1,'2017-09-01 00:00:00','2017-09-01 00:00:00'),(191,1,1,'Sud Cy Cang Cab Bca XL','Sud Cy Cang Cab Bca XL','S1913141',3,1,4,1,1,145.00,190.00,0.00,0,10,100,1,1,1,'2017-09-01 00:00:00','2017-09-01 00:00:00'),(192,1,1,'Sud Cy Cang Cab Bca XXL','Sud Cy Cang Cab Bca XXL','S1923151',3,1,5,1,1,174.00,230.00,0.00,0,10,100,1,1,1,'2017-09-01 00:00:00','2017-09-01 00:00:00'),(193,1,1,'Sud Cy Cang Cab Roja CH','Sud Cy Cang Cab Roja CH','S1933114',3,1,1,4,1,145.00,190.00,0.00,0,10,100,1,1,1,'2017-09-01 00:00:00','2017-09-01 00:00:00'),(194,1,1,'Sud Cy Cang Cab Roja M','Sud Cy Cang Cab Roja M','S1943124',3,1,2,4,1,145.00,190.00,0.00,0,10,100,1,1,1,'2017-09-01 00:00:00','2017-09-01 00:00:00'),(195,1,1,'Sud Cy Cang Cab Roja L','Sud Cy Cang Cab Roja L','S1953174',3,1,7,4,1,145.00,190.00,0.00,0,10,100,1,1,1,'2017-09-01 00:00:00','2017-09-01 00:00:00'),(196,1,1,'Sud Cy Cang Cab Roja XL','Sud Cy Cang Cab Roja XL','S1963144',3,1,4,4,1,145.00,190.00,0.00,0,10,100,1,1,1,'2017-09-01 00:00:00','2017-09-01 00:00:00'),(197,1,1,'Sud Cy Cang Cab Roja XXL','Sud Cy Cang Cab Roja XXL','S1973154',3,1,5,4,1,174.00,230.00,0.00,0,10,100,1,1,1,'2017-09-01 00:00:00','2017-09-01 00:00:00'),(198,1,1,'Sud Cy Cang Cab ARoy CH','Sud Cy Cang Cab ARoy CH','S1983113',3,1,1,3,1,145.00,190.00,0.00,0,10,100,1,1,1,'2017-09-01 00:00:00','2017-09-01 00:00:00'),(199,1,1,'Sud Cy Cang Cab ARoy M','Sud Cy Cang Cab ARoy M','S1993123',3,1,2,3,1,145.00,190.00,0.00,0,10,100,1,1,1,'2017-09-01 00:00:00','2017-09-01 00:00:00'),(200,1,1,'Sud Cy Cang Cab ARoy L','Sud Cy Cang Cab ARoy L','S2003173',3,1,7,3,1,145.00,190.00,0.00,0,10,100,1,1,1,'2017-09-01 00:00:00','2017-09-01 00:00:00'),(201,1,1,'Sud Cy Cang Cab ARoy XL','Sud Cy Cang Cab ARoy XL','S2013143',3,1,4,3,1,145.00,190.00,0.00,0,10,100,1,1,1,'2017-09-01 00:00:00','2017-09-01 00:00:00'),(202,1,1,'Sud Cy Cang Cab ARoy XXL','Sud Cy Cang Cab ARoy XXL','S2023153',3,1,5,3,1,174.00,230.00,0.00,0,10,100,1,1,1,'2017-09-01 00:00:00','2017-09-01 00:00:00'),(203,1,1,'Sud Cy Cang Cab Gris CH','Sud Cy Cang Cab Gris CH','S2033119',3,1,1,9,1,145.00,190.00,0.00,0,10,100,1,1,1,'2017-09-01 00:00:00','2017-09-01 00:00:00'),(204,1,1,'Sud Cy Cang Cab Gris M','Sud Cy Cang Cab Gris M','S2043129',3,1,2,9,1,145.00,190.00,0.00,0,10,100,1,1,1,'2017-09-01 00:00:00','2017-09-01 00:00:00'),(205,1,1,'Sud Cy Cang Cab Gris L','Sud Cy Cang Cab Gris L','S2053179',3,1,7,9,1,145.00,190.00,0.00,0,10,100,1,1,1,'2017-09-01 00:00:00','2017-09-01 00:00:00'),(206,1,1,'Sud Cy Cang Cab Gris XL','Sud Cy Cang Cab Gris XL','S2063149',3,1,4,9,1,145.00,190.00,0.00,0,10,100,1,1,1,'2017-09-01 00:00:00','2017-09-01 00:00:00'),(207,1,1,'Sud Cy Cang Cab Gris XXL','Sud Cy Cang Cab Gris XXL','S2073159',3,1,5,9,1,174.00,230.00,0.00,0,10,100,1,1,1,'2017-09-01 00:00:00','2017-09-01 00:00:00'),(208,1,1,'Sud Cy Cang Juv Neg XCH','Sud Cy Cang Juv Neg XCH','S2083362',3,3,6,2,1,110.00,148.00,0.00,0,10,100,1,1,1,'2017-09-01 00:00:00','2017-09-01 00:00:00'),(209,1,1,'Sud Cy Cang Juv Neg CH','Sud Cy Cang Juv Neg CH','S2093312',3,3,1,2,1,110.00,148.00,0.00,0,10,100,1,1,1,'2017-09-01 00:00:00','2017-09-01 00:00:00'),(210,1,1,'Sud Cy Cang Juv Neg M','Sud Cy Cang Juv Neg M','S2103322',3,3,2,2,1,110.00,148.00,0.00,0,10,100,1,1,1,'2017-09-01 00:00:00','2017-09-01 00:00:00'),(211,1,1,'Sud Cy Cang Juv Neg L','Sud Cy Cang Juv Neg L','S2113372',3,3,7,2,1,110.00,148.00,0.00,0,10,100,1,1,1,'2017-09-01 00:00:00','2017-09-01 00:00:00'),(212,1,1,'Sud Cy Cang Juv Neg XL','Sud Cy Cang Juv Neg XL','S2123342',3,3,4,2,1,110.00,148.00,0.00,0,10,100,1,1,1,'2017-09-01 00:00:00','2017-09-01 00:00:00'),(213,1,1,'Sud Cy Cang Juv Bca XCH','Sud Cy Cang Juv Bca XCH','S2133351',3,3,5,1,1,110.00,148.00,0.00,0,10,100,1,1,1,'2017-09-01 00:00:00','2017-09-01 00:00:00'),(214,1,1,'Sud Cy Cang Juv Bca CH','Sud Cy Cang Juv Bca CH','S2143311',3,3,1,1,1,110.00,148.00,0.00,0,10,100,1,1,1,'2017-09-01 00:00:00','2017-09-01 00:00:00'),(215,1,1,'Sud Cy Cang Juv Bca M','Sud Cy Cang Juv Bca M','S2153321',3,3,2,1,1,110.00,148.00,0.00,0,10,100,1,1,1,'2017-09-01 00:00:00','2017-09-01 00:00:00'),(216,1,1,'Sud Cy Cang Juv Bca L','Sud Cy Cang Juv Bca L','S2163371',3,3,7,1,1,110.00,148.00,0.00,0,10,100,1,1,1,'2017-09-01 00:00:00','2017-09-01 00:00:00'),(217,1,1,'Sud Cy Cang Juv Bca XL','Sud Cy Cang Juv Bca XL','S2173341',3,3,4,1,1,110.00,148.00,0.00,0,10,100,1,1,1,'2017-09-01 00:00:00','2017-09-01 00:00:00'),(218,1,1,'Sud Cy Cang Juv Roja XCH','Sud Cy Cang Juv Roja XCH','S2183354',3,3,5,4,1,110.00,148.00,0.00,0,10,100,1,1,1,'2017-09-01 00:00:00','2017-09-01 00:00:00'),(219,1,1,'Sud Cy Cang Juv Roja CH','Sud Cy Cang Juv Roja CH','S2193314',3,3,1,4,1,110.00,148.00,0.00,0,10,100,1,1,1,'2017-09-01 00:00:00','2017-09-01 00:00:00'),(220,1,1,'Sud Cy Cang Juv Roja M','Sud Cy Cang Juv Roja M','S2203324',3,3,2,4,1,110.00,148.00,0.00,0,10,100,1,1,1,'2017-09-01 00:00:00','2017-09-01 00:00:00'),(221,1,1,'Sud Cy Cang Juv Roja L','Sud Cy Cang Juv Roja L','S2213374',3,3,7,4,1,110.00,148.00,0.00,0,10,100,1,1,1,'2017-09-01 00:00:00','2017-09-01 00:00:00'),(222,1,1,'Sud Cy Cang Juv Roja XL','Sud Cy Cang Juv Roja XL','S2223344',3,3,4,4,1,110.00,148.00,0.00,0,10,100,1,1,1,'2017-09-01 00:00:00','2017-09-01 00:00:00'),(223,1,1,'Sud Cy Cang Juv ARoy XCH','Sud Cy Cang Juv ARoy XCH','S2233353',3,3,5,3,1,110.00,148.00,0.00,0,10,100,1,1,1,'2017-09-01 00:00:00','2017-09-01 00:00:00'),(224,1,1,'Sud Cy Cang Juv ARoy CH','Sud Cy Cang Juv ARoy CH','S2243313',3,3,1,3,1,110.00,148.00,0.00,0,10,100,1,1,1,'2017-09-01 00:00:00','2017-09-01 00:00:00'),(225,1,1,'Sud Cy Cang Juv ARoy M','Sud Cy Cang Juv ARoy M','S2253323',3,3,2,3,1,110.00,148.00,0.00,0,10,100,1,1,1,'2017-09-01 00:00:00','2017-09-01 00:00:00'),(226,1,1,'Sud Cy Cang Juv ARoy L','Sud Cy Cang Juv ARoy L','S2263373',3,3,7,3,1,110.00,148.00,0.00,0,10,100,1,1,1,'2017-09-01 00:00:00','2017-09-01 00:00:00'),(227,1,1,'Sud Cy Cang Juv ARoy XL','Sud Cy Cang Juv ARoy XL','S2273343',3,3,4,3,1,110.00,148.00,0.00,0,10,100,1,1,1,'2017-09-01 00:00:00','2017-09-01 00:00:00'),(228,1,1,'Sud Cy Cang Juv Gris XCH','Sud Cy Cang Juv Gris XCH','S2283359',3,3,5,9,1,110.00,148.00,0.00,0,10,100,1,1,1,'2017-09-01 00:00:00','2017-09-01 00:00:00'),(229,1,1,'Sud Cy Cang Juv Gris CH','Sud Cy Cang Juv Gris CH','S2293319',3,3,1,9,1,110.00,148.00,0.00,0,10,100,1,1,1,'2017-09-01 00:00:00','2017-09-01 00:00:00'),(230,1,1,'Sud Cy Cang Juv Gris M','Sud Cy Cang Juv Gris M','S2303329',3,3,2,9,1,110.00,148.00,0.00,0,10,100,1,1,1,'2017-09-01 00:00:00','2017-09-01 00:00:00'),(231,1,1,'Sud Cy Cang Juv Gris L','Sud Cy Cang Juv Gris L','S2313379',3,3,7,9,1,110.00,148.00,0.00,0,10,100,1,1,1,'2017-09-01 00:00:00','2017-09-01 00:00:00'),(232,1,1,'Sud Cy Cang Juv Gris XL','Sud Cy Cang Juv Gris XL','S2323349',3,3,4,9,1,110.00,148.00,0.00,0,10,100,1,1,1,'2017-09-01 00:00:00','2017-09-01 00:00:00'),(233,1,1,'Sud CRed Cab Neg CH','Sud CRed Cab Neg CH','S2334112',4,1,1,2,1,102.00,139.00,0.00,0,10,100,1,1,1,'2017-09-01 00:00:00','2017-09-01 00:00:00'),(234,1,1,'Sud CRed Cab Neg M','Sud CRed Cab Neg M','S2344122',4,1,2,2,1,102.00,139.00,0.00,0,10,100,1,1,1,'2017-09-01 00:00:00','2017-09-01 00:00:00'),(235,1,1,'Sud CRed Cab Neg L','Sud CRed Cab Neg L','S2354172',4,1,7,2,1,102.00,139.00,0.00,0,10,100,1,1,1,'2017-09-01 00:00:00','2017-09-01 00:00:00'),(236,1,1,'Sud CRed Cab Neg XL','Sud CRed Cab Neg XL','S2364142',4,1,4,2,1,102.00,139.00,0.00,0,10,100,1,1,1,'2017-09-01 00:00:00','2017-09-01 00:00:00'),(237,1,1,'Sud CRed Cab Neg XXL','Sud CRed Cab Neg XXL','S2374152',4,1,5,2,1,102.00,170.00,0.00,0,10,100,1,1,1,'2017-09-01 00:00:00','2017-09-01 00:00:00'),(238,1,1,'Sud CRed Cab Bca CH','Sud CRed Cab Bca CH','S2384111',4,1,1,1,1,102.00,139.00,0.00,0,10,100,1,1,1,'2017-09-01 00:00:00','2017-09-01 00:00:00'),(239,1,1,'Sud CRed Cab Bca M','Sud CRed Cab Bca M','S2394121',4,1,2,1,1,102.00,139.00,0.00,0,10,100,1,1,1,'2017-09-01 00:00:00','2017-09-01 00:00:00'),(240,1,1,'Sud CRed Cab Bca L','Sud CRed Cab Bca L','S2404171',4,1,7,1,1,102.00,139.00,0.00,0,10,100,1,1,1,'2017-09-01 00:00:00','2017-09-01 00:00:00'),(241,1,1,'Sud CRed Cab Bca XL','Sud CRed Cab Bca XL','S2414141',4,1,4,1,1,102.00,139.00,0.00,0,10,100,1,1,1,'2017-09-01 00:00:00','2017-09-01 00:00:00'),(242,1,1,'Sud CRed Cab Bca XXL','Sud CRed Cab Bca XXL','S2424151',4,1,5,1,1,102.00,170.00,0.00,0,10,100,1,1,1,'2017-09-01 00:00:00','2017-09-01 00:00:00'),(243,1,1,'Sud CRed Cab Roja CH','Sud CRed Cab Roja CH','S2434114',4,1,1,4,1,102.00,139.00,0.00,0,10,100,1,1,1,'2017-09-01 00:00:00','2017-09-01 00:00:00'),(244,1,1,'Sud CRed Cab Roja M','Sud CRed Cab Roja M','S2444124',4,1,2,4,1,102.00,139.00,0.00,0,10,100,1,1,1,'2017-09-01 00:00:00','2017-09-01 00:00:00'),(245,1,1,'Sud CRed Cab Roja L','Sud CRed Cab Roja L','S2454174',4,1,7,4,1,102.00,139.00,0.00,0,10,100,1,1,1,'2017-09-01 00:00:00','2017-09-01 00:00:00'),(246,1,1,'Sud CRed Cab Roja XL','Sud CRed Cab Roja XL','S2464144',4,1,4,4,1,102.00,139.00,0.00,0,10,100,1,1,1,'2017-09-01 00:00:00','2017-09-01 00:00:00'),(247,1,1,'Sud CRed Cab Roja XXL','Sud CRed Cab Roja XXL','S2474154',4,1,5,4,1,102.00,170.00,0.00,0,10,100,1,1,1,'2017-09-01 00:00:00','2017-09-01 00:00:00'),(248,1,1,'Sud CRed Cab ARoy CH','Sud CRed Cab ARoy CH','S2484113',4,1,1,3,1,102.00,139.00,0.00,0,10,100,1,1,1,'2017-09-01 00:00:00','2017-09-01 00:00:00'),(249,1,1,'Sud CRed Cab ARoy M','Sud CRed Cab ARoy M','S2494123',4,1,2,3,1,102.00,139.00,0.00,0,10,100,1,1,1,'2017-09-01 00:00:00','2017-09-01 00:00:00'),(250,1,1,'Sud CRed Cab ARoy L','Sud CRed Cab ARoy L','S2504173',4,1,7,3,1,102.00,139.00,0.00,0,10,100,1,1,1,'2017-09-01 00:00:00','2017-09-01 00:00:00'),(251,1,1,'Sud CRed Cab ARoy XL','Sud CRed Cab ARoy XL','S2514143',4,1,4,3,1,102.00,139.00,0.00,0,10,100,1,1,1,'2017-09-01 00:00:00','2017-09-01 00:00:00'),(252,1,1,'Sud CRed Cab ARoy XXL','Sud CRed Cab ARoy XXL','S2524153',4,1,5,3,1,102.00,170.00,0.00,0,10,100,1,1,1,'2017-09-01 00:00:00','2017-09-01 00:00:00'),(253,1,1,'Sud CRed Cab Gris CH','Sud CRed Cab Gris CH','S2534119',4,1,1,9,1,102.00,139.00,0.00,0,10,100,1,1,1,'2017-09-01 00:00:00','2017-09-01 00:00:00'),(254,1,1,'Sud CRed Cab Gris M','Sud CRed Cab Gris M','S2544129',4,1,2,9,1,102.00,139.00,0.00,0,10,100,1,1,1,'2017-09-01 00:00:00','2017-09-01 00:00:00'),(255,1,1,'Sud CRed Cab Gris L','Sud CRed Cab Gris L','S2554179',4,1,7,9,1,102.00,139.00,0.00,0,10,100,1,1,1,'2017-09-01 00:00:00','2017-09-01 00:00:00'),(256,1,1,'Sud CRed Cab Gris XL','Sud CRed Cab Gris XL','S2564149',4,1,4,9,1,102.00,139.00,0.00,0,10,100,1,1,1,'2017-09-01 00:00:00','2017-09-01 00:00:00'),(257,1,1,'Sud CRed Cab Gris XXL','Sud CRed Cab Gris XXL','S2574159',4,1,5,9,1,102.00,170.00,0.00,0,10,100,1,1,1,'2017-09-01 00:00:00','2017-09-01 00:00:00'),(258,1,1,'Sud CRed Juv Neg XCH','Sud CRed Juv Neg XCH','S2584362',4,3,6,2,1,85.84,113.00,0.00,0,10,100,1,1,1,'2017-09-01 00:00:00','2017-09-01 00:00:00'),(259,1,1,'Sud CRed Juv Neg CH','Sud CRed Juv Neg CH','S2594312',4,3,1,2,1,85.84,113.00,0.00,0,10,100,1,1,1,'2017-09-01 00:00:00','2017-09-01 00:00:00'),(260,1,1,'Sud CRed Juv Neg M','Sud CRed Juv Neg M','S2604322',4,3,2,2,1,85.84,113.00,0.00,0,10,100,1,1,1,'2017-09-01 00:00:00','2017-09-01 00:00:00'),(261,1,1,'Sud CRed Juv Neg L','Sud CRed Juv Neg L','S2614372',4,3,7,2,1,85.84,113.00,0.00,0,10,100,1,1,1,'2017-09-01 00:00:00','2017-09-01 00:00:00'),(262,1,1,'Sud CRed Juv Neg XL','Sud CRed Juv Neg XL','S2624342',4,3,4,2,1,85.84,113.00,0.00,0,10,100,1,1,1,'2017-09-01 00:00:00','2017-09-01 00:00:00'),(263,1,1,'Sud CRed Juv Bca XCH','Sud CRed Juv Bca XCH','S2634351',4,3,5,1,1,85.84,113.00,0.00,0,10,100,1,1,1,'2017-09-01 00:00:00','2017-09-01 00:00:00'),(264,1,1,'Sud CRed Juv Bca CH','Sud CRed Juv Bca CH','S2644311',4,3,1,1,1,85.84,113.00,0.00,0,10,100,1,1,1,'2017-09-01 00:00:00','2017-09-01 00:00:00'),(265,1,1,'Sud CRed Juv Bca M','Sud CRed Juv Bca M','S2654321',4,3,2,1,1,85.84,113.00,0.00,0,10,100,1,1,1,'2017-09-01 00:00:00','2017-09-01 00:00:00'),(266,1,1,'Sud CRed Juv Bca L','Sud CRed Juv Bca L','S2664371',4,3,7,1,1,85.84,113.00,0.00,0,10,100,1,1,1,'2017-09-01 00:00:00','2017-09-01 00:00:00'),(267,1,1,'Sud CRed Juv Bca XL','Sud CRed Juv Bca XL','S2674341',4,3,4,1,1,85.84,113.00,0.00,0,10,100,1,1,1,'2017-09-01 00:00:00','2017-09-01 00:00:00'),(268,1,1,'Sud CRed Juv Roja XCH','Sud CRed Juv Roja XCH','S2684354',4,3,5,4,1,85.84,113.00,0.00,0,10,100,1,1,1,'2017-09-01 00:00:00','2017-09-01 00:00:00'),(269,1,1,'Sud CRed Juv Roja CH','Sud CRed Juv Roja CH','S2694314',4,3,1,4,1,85.84,113.00,0.00,0,10,100,1,1,1,'2017-09-01 00:00:00','2017-09-01 00:00:00'),(270,1,1,'Sud CRed Juv Roja M','Sud CRed Juv Roja M','S2704324',4,3,2,4,1,85.84,113.00,0.00,0,10,100,1,1,1,'2017-09-01 00:00:00','2017-09-01 00:00:00'),(271,1,1,'Sud CRed Juv Roja L','Sud CRed Juv Roja L','S2714374',4,3,7,4,1,85.84,113.00,0.00,0,10,100,1,1,1,'2017-09-01 00:00:00','2017-09-01 00:00:00'),(272,1,1,'Sud CRed Juv Roja XL','Sud CRed Juv Roja XL','S2724344',4,3,4,4,1,85.84,113.00,0.00,0,10,100,1,1,1,'2017-09-01 00:00:00','2017-09-01 00:00:00'),(273,1,1,'Sud CRed Juv ARoy XCH','Sud CRed Juv ARoy XCH','S2734353',4,3,5,3,1,85.84,113.00,0.00,0,10,100,1,1,1,'2017-09-01 00:00:00','2017-09-01 00:00:00'),(274,1,1,'Sud CRed Juv ARoy CH','Sud CRed Juv ARoy CH','S2744313',4,3,1,3,1,85.84,113.00,0.00,0,10,100,1,1,1,'2017-09-01 00:00:00','2017-09-01 00:00:00'),(275,1,1,'Sud CRed Juv ARoy M','Sud CRed Juv ARoy M','S2754323',4,3,2,3,1,85.84,113.00,0.00,0,10,100,1,1,1,'2017-09-01 00:00:00','2017-09-01 00:00:00'),(276,1,1,'Sud CRed Juv ARoy L','Sud CRed Juv ARoy L','S2764373',4,3,7,3,1,85.84,113.00,0.00,0,10,100,1,1,1,'2017-09-01 00:00:00','2017-09-01 00:00:00'),(277,1,1,'Sud CRed Juv ARoy XL','Sud CRed Juv ARoy XL','S2774343',4,3,4,3,1,85.84,113.00,0.00,0,10,100,1,1,1,'2017-09-01 00:00:00','2017-09-01 00:00:00'),(278,1,1,'Sud CRed Juv Gris XCH','Sud CRed Juv Gris XCH','S2784359',4,3,5,9,1,85.84,113.00,0.00,0,10,100,1,1,1,'2017-09-01 00:00:00','2017-09-01 00:00:00'),(279,1,1,'Sud CRed Juv Gris CH','Sud CRed Juv Gris CH','S2794319',4,3,1,9,1,85.84,113.00,0.00,0,10,100,1,1,1,'2017-09-01 00:00:00','2017-09-01 00:00:00'),(280,1,1,'Sud CRed Juv Gris M','Sud CRed Juv Gris M','S2804329',4,3,2,9,1,85.84,113.00,0.00,0,10,100,1,1,1,'2017-09-01 00:00:00','2017-09-01 00:00:00'),(281,1,1,'Sud CRed Juv Gris L','Sud CRed Juv Gris L','S2814379',4,3,7,9,1,85.84,113.00,0.00,0,10,100,1,1,1,'2017-09-01 00:00:00','2017-09-01 00:00:00'),(282,1,1,'Sud CRed Juv Gris XL','Sud CRed Juv Gris XL','S2824349',4,3,4,9,1,85.84,113.00,0.00,0,10,100,1,1,1,'2017-09-01 00:00:00','2017-09-01 00:00:00'),(283,1,1,'Pa','Pa','P28355111',5,5,11,1,1,60.00,50.00,0.00,0,10,100,1,1,1,'2017-09-01 00:00:00','2017-09-01 00:00:00'),(284,1,1,'Pa','Pa','P28455121',5,5,12,1,1,60.00,50.00,0.00,0,10,100,1,1,1,'2017-09-01 00:00:00','2017-09-01 00:00:00'),(285,1,1,'Pa','Pa','P28555131',5,5,13,1,1,60.00,50.00,0.00,0,10,100,1,1,1,'2017-09-01 00:00:00','2017-09-01 00:00:00'),(286,1,1,'Pa','Pa','P28655141',5,5,14,1,1,60.00,50.00,0.00,0,10,100,1,1,1,'2017-09-01 00:00:00','2017-09-01 00:00:00'),(287,1,1,'Pa','Pa','P28755112',5,5,11,2,1,65.00,60.00,0.00,0,10,100,1,1,1,'2017-09-01 00:00:00','2017-09-01 00:00:00'),(288,1,1,'Pa','Pa','P28855122',5,5,12,2,1,65.00,60.00,0.00,0,10,100,1,1,1,'2017-09-01 00:00:00','2017-09-01 00:00:00'),(289,1,1,'Pa','Pa','P28955132',5,5,13,2,1,65.00,60.00,0.00,0,10,100,1,1,1,'2017-09-01 00:00:00','2017-09-01 00:00:00'),(290,1,1,'Pa','Pa','P29055142',5,5,14,2,1,65.00,60.00,0.00,0,10,100,1,1,1,'2017-09-01 00:00:00','2017-09-01 00:00:00'),(291,1,1,'Pa','Pa','P29165111',6,5,11,1,1,65.00,80.00,0.00,0,10,100,1,1,1,'2017-09-01 00:00:00','2017-09-01 00:00:00'),(292,1,1,'Pa','Pa','P29265121',6,5,12,1,1,65.00,80.00,0.00,0,10,100,1,1,1,'2017-09-01 00:00:00','2017-09-01 00:00:00'),(293,1,1,'Pa','Pa','P29365131',6,5,13,1,1,65.00,80.00,0.00,0,10,100,1,1,1,'2017-09-01 00:00:00','2017-09-01 00:00:00'),(294,1,1,'Pa','Pa','P29465141',6,5,14,1,1,65.00,80.00,0.00,0,10,100,1,1,1,'2017-09-01 00:00:00','2017-09-01 00:00:00'),(295,1,1,'taza 1 std  ','taza 1 std  ','t295771510',7,7,15,10,1,25.00,55.00,0.00,0,10,100,1,1,1,'2017-09-01 00:00:00','2017-09-01 00:00:00'),(296,1,1,'taza gde  ','taza gde  ','t29687310',8,7,3,10,1,40.00,120.00,0.00,0,10,100,1,1,1,'2017-09-01 00:00:00','2017-09-01 00:00:00'),(297,1,1,'taza magica  ','taza magica  ','t297891510',8,9,15,10,1,80.00,150.00,0.00,0,10,100,1,1,1,'2017-09-01 00:00:00','2017-09-01 00:00:00'),(298,1,1,'mouse pad   ','mouse pad   ','m298961510',9,6,15,10,1,25.00,55.00,0.00,0,10,100,1,1,1,'2017-09-01 00:00:00','2017-09-01 00:00:00'),(299,1,1,'rompeCabezas corazon  ','rompeCabezas corazon  ','r29910101510',10,10,15,10,1,80.00,95.00,0.00,0,10,100,1,1,1,'2017-09-01 00:00:00','2017-09-01 00:00:00'),(300,1,1,'rompeCabezas circular  ','rompeCabezas circular  ','r30010111510',10,11,15,10,1,80.00,95.00,0.00,0,10,100,1,1,1,'2017-09-01 00:00:00','2017-09-01 00:00:00'),(301,1,1,'rompeCabezas tela  ','rompeCabezas tela  ','r30110121510',10,12,15,10,1,80.00,95.00,0.00,0,10,100,1,1,1,'2017-09-01 00:00:00','2017-09-01 00:00:00'),(302,1,1,'rompeCabezas sublimacion  ','rompeCabezas sublimacion  ','r30210131510',10,13,15,10,1,80.00,95.00,0.00,0,10,100,1,1,1,'2017-09-01 00:00:00','2017-09-01 00:00:00'),(303,1,1,'bote agua Std  ','bote agua Std  ','b3031171510',11,7,15,10,1,90.00,160.00,0.00,0,10,100,1,1,1,'2017-09-01 00:00:00','2017-09-01 00:00:00'),(304,1,1,'bote agua con popote  ','bote agua con popote  ','b30411141510',11,14,15,10,1,120.00,220.00,0.00,0,10,100,1,1,1,'2017-09-01 00:00:00','2017-09-01 00:00:00'),(305,1,1,'bote agua lata  ','bote agua lata  ','b30511151510',11,15,15,10,1,120.00,180.00,0.00,0,10,100,1,1,1,'2017-09-01 00:00:00','2017-09-01 00:00:00'),(306,1,1,'T  Cerv claro  ','T  Cerv claro  ','T30612161510',12,16,15,10,1,120.00,220.00,0.00,0,10,100,1,1,1,'2017-09-01 00:00:00','2017-09-01 00:00:00'),(307,1,1,'T Cerv esmerilado  ','T Cerv esmerilado  ','T30712171510',12,17,15,10,1,120.00,220.00,0.00,0,10,100,1,1,1,'2017-09-01 00:00:00','2017-09-01 00:00:00'),(308,1,1,'plaquita   aluminio  ','plaquita   aluminio  ','p30814181510',14,18,15,10,1,85.00,150.00,0.00,0,10,100,1,1,1,'2017-09-01 00:00:00','2017-09-01 00:00:00'),(309,1,1,'madera reconocimiento  chico','madera reconocimiento  chico','m3091519110',15,19,1,10,1,90.00,90.00,0.00,0,10,100,1,1,1,'2017-09-01 00:00:00','2017-09-01 00:00:00'),(310,1,1,'madera reconocimiento  mediano','madera reconocimiento  mediano','m3101519210',15,19,2,10,1,120.00,120.00,0.00,0,10,100,1,1,1,'2017-09-01 00:00:00','2017-09-01 00:00:00'),(311,1,1,'madera reconocimiento  grande','madera reconocimiento  grande','m3111519310',15,19,3,10,1,230.00,230.00,0.00,0,10,100,1,1,1,'2017-09-01 00:00:00','2017-09-01 00:00:00'),(312,1,1,'Lam plata mate  chica','Lam plata mate  chica','L3121620110',16,20,1,10,1,90.00,90.00,0.00,0,10,100,1,1,1,'2017-09-01 00:00:00','2017-09-01 00:00:00'),(313,1,1,'Lam plata mate  mediano','Lam plata mate  mediano','L3131620210',16,20,2,10,1,130.00,130.00,0.00,0,10,100,1,1,1,'2017-09-01 00:00:00','2017-09-01 00:00:00'),(314,1,1,'Lam plata mate  grande','Lam plata mate  grande','L3141620310',16,20,3,10,1,270.00,270.00,0.00,0,10,100,1,1,1,'2017-09-01 00:00:00','2017-09-01 00:00:00'),(315,1,1,'Lam laton mate  chica','Lam laton mate  chica','L3151621110',16,21,1,10,1,90.00,90.00,0.00,0,10,100,1,1,1,'2017-09-01 00:00:00','2017-09-01 00:00:00'),(316,1,1,'Lam laton mate  mediano','Lam laton mate  mediano','L3161621210',16,21,2,10,1,130.00,130.00,0.00,0,10,100,1,1,1,'2017-09-01 00:00:00','2017-09-01 00:00:00'),(317,1,1,'Lam laton mate  grande','Lam laton mate  grande','L3171621310',16,21,3,10,1,270.00,270.00,0.00,0,10,100,1,1,1,'2017-09-01 00:00:00','2017-09-01 00:00:00'),(318,1,1,'Llavero  acrilico  paq. 3pzas','Llavero  acrilico  paq. 3pzas','L31818221610',16,22,16,10,1,30.00,85.00,0.00,0,10,100,1,1,1,'2017-09-01 00:00:00','2017-09-06 18:16:20'),(319,2,1,'Transfer Blanco','Transfer Blanco','M',0,0,0,2,1,10.00,18.00,0.00,0,10,100,1,1,1,'2017-09-04 21:13:21','2017-09-04 21:13:21'),(320,2,1,'Transfer Turqz','Transfer Turqz','M',0,0,0,6,1,10.00,17.00,0.00,0,10,100,1,1,1,'2017-09-04 21:33:54','2017-09-04 21:39:46');
/*!40000 ALTER TABLE `articulos` ENABLE KEYS */;
UNLOCK TABLES;

--
-- Table structure for table `cajas`
--

DROP TABLE IF EXISTS `cajas`;
/*!40101 SET @saved_cs_client     = @@character_set_client */;
/*!40101 SET character_set_client = utf8 */;
CREATE TABLE `cajas` (
  `idcaja` int(11) NOT NULL AUTO_INCREMENT,
  PRIMARY KEY (`idcaja`)
) ENGINE=InnoDB DEFAULT CHARSET=utf8;
/*!40101 SET character_set_client = @saved_cs_client */;

--
-- Dumping data for table `cajas`
--

LOCK TABLES `cajas` WRITE;
/*!40000 ALTER TABLE `cajas` DISABLE KEYS */;
/*!40000 ALTER TABLE `cajas` ENABLE KEYS */;
UNLOCK TABLES;

--
-- Table structure for table `catalogo_general`
--

DROP TABLE IF EXISTS `catalogo_general`;
/*!40101 SET @saved_cs_client     = @@character_set_client */;
/*!40101 SET character_set_client = utf8 */;
CREATE TABLE `catalogo_general` (
  `idcatalogo` int(11) NOT NULL,
  `idempresa` int(11) NOT NULL,
  `opc_catalogo` int(11) NOT NULL,
  `opc_catalogo2` int(11) NOT NULL,
  `opc_catalogo3` int(11) NOT NULL,
  `nombre_catalogo` varchar(85) DEFAULT NULL,
  `descripcion_catalogo` text,
  `moneda1` decimal(19,2) DEFAULT NULL,
  `moneda2` decimal(19,2) DEFAULT NULL,
  `moneda3` decimal(19,2) DEFAULT NULL,
  `idestado` int(11) DEFAULT NULL,
  `idusuario_um` int(11) DEFAULT NULL,
  `idusuario_alta` int(11) DEFAULT NULL,
  `fecha_um` datetime DEFAULT NULL,
  `fecha_alta` datetime DEFAULT NULL,
  PRIMARY KEY (`idcatalogo`,`opc_catalogo`,`opc_catalogo2`,`opc_catalogo3`,`idempresa`),
  KEY `fk_catalogo_general_empresas1_idx` (`idempresa`),
  CONSTRAINT `fk_catalogo_general_empresas1` FOREIGN KEY (`idempresa`) REFERENCES `empresas` (`idempresa`) ON DELETE NO ACTION ON UPDATE NO ACTION
) ENGINE=InnoDB DEFAULT CHARSET=utf8;
/*!40101 SET character_set_client = @saved_cs_client */;

--
-- Dumping data for table `catalogo_general`
--

LOCK TABLES `catalogo_general` WRITE;
/*!40000 ALTER TABLE `catalogo_general` DISABLE KEYS */;
INSERT INTO `catalogo_general` VALUES (0,1,1,0,0,'Categorias','Categorias de Articulos',0.00,0.00,0.00,1,1,1,'2017-01-11 15:43:08','2017-01-11 15:43:08'),(0,1,2,0,0,'Sub Categoras','Sub Categoras',0.00,0.00,0.00,1,1,1,'2017-04-16 09:42:30','2017-04-16 09:42:30'),(0,1,3,0,0,'Tallas','Tallas y Medidas',0.00,0.00,0.00,1,1,1,'2017-04-16 13:36:31','2017-04-16 13:36:31'),(0,1,4,0,0,'Colores','Colores',0.00,0.00,0.00,1,1,1,'2017-04-16 13:36:31','2017-04-16 13:36:31'),(0,1,5,0,0,'Perfiles','Catalogo de Perfiles',0.00,0.00,0.00,1,1,1,'2017-04-28 16:14:47','2017-04-28 16:14:47'),(0,1,6,0,0,'Tipo de Productos','Tipos de Articulos',0.00,0.00,0.00,1,1,1,'2017-04-28 16:14:47','2017-04-28 16:14:47'),(0,1,7,0,0,'Costos de trabajo','Costos de trabajo',0.00,0.00,0.00,1,1,1,'2017-04-28 16:14:47','2017-04-28 16:14:47'),(0,1,8,0,0,'Impresoras','Impresras por Sucursal',0.00,0.00,0.00,1,1,1,'2017-04-28 16:14:47','2017-04-28 16:14:47'),(1,1,1,0,0,'Playera','Pya',0.00,0.00,0.00,1,1,1,'2017-09-01 00:00:00','2017-09-01 00:00:00'),(1,1,2,0,0,'Playera Poly','Pya Poly',0.00,0.00,0.00,1,1,1,'2017-09-01 00:00:00','2017-09-01 00:00:00'),(1,1,3,0,0,'Sudadera Cy Canguro','Sud Cy Cang',0.00,0.00,0.00,1,1,1,'2017-09-01 00:00:00','2017-09-01 00:00:00'),(1,1,4,0,0,'Sudadera Cy Red','Sud CRed',0.00,0.00,0.00,1,1,1,'2017-09-01 00:00:00','2017-09-01 00:00:00'),(1,1,5,0,0,'Paaleros','Paaleros',0.00,0.00,0.00,1,1,1,'2017-09-01 00:00:00','2017-09-01 00:00:00'),(1,1,6,0,0,'Paaleros Poly','Paaleros Poly',0.00,0.00,0.00,1,1,1,'2017-09-01 00:00:00','2017-09-01 00:00:00'),(1,1,7,0,0,'Taza 1','Taza 1',0.00,0.00,0.00,1,1,1,'2017-09-01 00:00:00','2017-09-01 00:00:00'),(1,1,8,0,0,'Taza','Taza',0.00,0.00,0.00,1,1,1,'2017-09-01 00:00:00','2017-09-01 00:00:00'),(1,1,9,0,0,'Mouse Pad','Mouse Pad',0.00,0.00,0.00,1,1,1,'2017-09-01 00:00:00','2017-09-01 00:00:00'),(1,1,10,0,0,'Rompecabezas','Rompecabezas',0.00,0.00,0.00,1,1,1,'2017-09-01 00:00:00','2017-09-01 00:00:00'),(1,1,11,0,0,'Bote Agua','Bote Agua',0.00,0.00,0.00,1,1,1,'2017-09-01 00:00:00','2017-09-01 00:00:00'),(1,1,12,0,0,'Tarro Cervecero','Tarro Cervecero',0.00,0.00,0.00,1,1,1,'2017-09-01 00:00:00','2017-09-01 00:00:00'),(1,1,14,0,0,'Plaquita','Plaquita',0.00,0.00,0.00,1,1,1,'2017-09-01 00:00:00','2017-09-01 00:00:00'),(1,1,15,0,0,'Madera','Madera',0.00,0.00,0.00,1,1,1,'2017-09-01 00:00:00','2017-09-01 00:00:00'),(1,1,16,0,0,'Lamina','Lamina',0.00,0.00,0.00,1,1,1,'2017-09-01 00:00:00','2017-09-01 00:00:00'),(1,1,17,0,0,'Llavero ','Llavero ',0.00,0.00,0.00,1,1,1,'2017-09-01 00:00:00','2017-09-01 00:00:00'),(2,1,1,0,0,'Caballero','Cab',0.00,0.00,0.00,1,1,1,'2017-09-01 00:00:00','2017-09-01 00:00:00'),(2,1,2,0,0,'Dama','Dama',0.00,0.00,0.00,1,1,1,'2017-09-01 00:00:00','2017-09-01 00:00:00'),(2,1,3,0,0,'Juvenil','Juv',0.00,0.00,0.00,1,1,1,'2017-09-01 00:00:00','2017-09-01 00:00:00'),(2,1,4,0,0,'Nio','Nio',0.00,0.00,0.00,1,1,1,'2017-09-01 00:00:00','2017-09-01 00:00:00'),(2,1,5,0,0,'Bebe','Bebe',0.00,0.00,0.00,1,1,1,'2017-09-01 00:00:00','2017-09-01 00:00:00'),(2,1,6,0,0,'General','General',0.00,0.00,0.00,1,1,1,'2017-09-01 00:00:00','2017-09-01 00:00:00'),(2,1,7,0,0,'Standart','std',0.00,0.00,0.00,1,1,1,'2017-09-01 00:00:00','2017-09-01 00:00:00'),(2,1,8,0,0,'Standart','gde',0.00,0.00,0.00,1,1,1,'2017-09-01 00:00:00','2017-09-01 00:00:00'),(2,1,9,0,0,'Magia','magica',0.00,0.00,0.00,1,1,1,'2017-09-01 00:00:00','2017-09-01 00:00:00'),(2,1,10,0,0,'Corazon','corazon',0.00,0.00,0.00,1,1,1,'2017-09-01 00:00:00','2017-09-01 00:00:00'),(2,1,11,0,0,'Circlar','circular',0.00,0.00,0.00,1,1,1,'2017-09-01 00:00:00','2017-09-01 00:00:00'),(2,1,12,0,0,'Tela','tela',0.00,0.00,0.00,1,1,1,'2017-09-01 00:00:00','2017-09-01 00:00:00'),(2,1,13,0,0,'Subliminacion','sublimacion',0.00,0.00,0.00,1,1,1,'2017-09-01 00:00:00','2017-09-01 00:00:00'),(2,1,14,0,0,'Con Popote','con popote',0.00,0.00,0.00,1,1,1,'2017-09-01 00:00:00','2017-09-01 00:00:00'),(2,1,15,0,0,'Lata','lata',0.00,0.00,0.00,1,1,1,'2017-09-01 00:00:00','2017-09-01 00:00:00'),(2,1,16,0,0,'Claro','claro',0.00,0.00,0.00,1,1,1,'2017-09-01 00:00:00','2017-09-01 00:00:00'),(2,1,17,0,0,'Esmerilado','esmerilado',0.00,0.00,0.00,1,1,1,'2017-09-01 00:00:00','2017-09-01 00:00:00'),(2,1,18,0,0,'Aluminio','aluminio',0.00,0.00,0.00,1,1,1,'2017-09-01 00:00:00','2017-09-01 00:00:00'),(2,1,19,0,0,'Reconocimiento','reconocimiento',0.00,0.00,0.00,1,1,1,'2017-09-01 00:00:00','2017-09-01 00:00:00'),(2,1,20,0,0,'Plata Mate','plata mate',0.00,0.00,0.00,1,1,1,'2017-09-01 00:00:00','2017-09-01 00:00:00'),(2,1,21,0,0,'Laton Mate','laton mate',0.00,0.00,0.00,1,1,1,'2017-09-01 00:00:00','2017-09-01 00:00:00'),(2,1,22,0,0,'Acrilico','acrilico',0.00,0.00,0.00,1,1,1,'2017-09-01 00:00:00','2017-09-01 00:00:00'),(3,1,1,0,0,'Chica','CH',0.00,0.00,0.00,1,1,1,'2017-09-01 00:00:00','2017-09-01 00:00:00'),(3,1,2,0,0,'Mediana','M',0.00,0.00,0.00,1,1,1,'2017-09-01 00:00:00','2017-09-01 00:00:00'),(3,1,3,0,0,'Grande','GDE',0.00,0.00,0.00,1,1,1,'2017-09-01 00:00:00','2017-09-01 00:00:00'),(3,1,4,0,0,'Extra Grande','XL',0.00,0.00,0.00,1,1,1,'2017-09-01 00:00:00','2017-09-01 00:00:00'),(3,1,5,0,0,'Extra Ex Grande','XXL',0.00,0.00,0.00,1,1,1,'2017-09-01 00:00:00','2017-09-01 00:00:00'),(3,1,6,0,0,'Extra Chica','XCH',0.00,0.00,0.00,1,1,1,'2017-09-01 00:00:00','2017-09-01 00:00:00'),(3,1,7,0,0,'Talla L','L',0.00,0.00,0.00,1,1,1,'2017-09-01 00:00:00','2017-09-01 00:00:00'),(3,1,8,0,0,'Talla 1','T1',0.00,0.00,0.00,1,1,1,'2017-09-01 00:00:00','2017-09-01 00:00:00'),(3,1,9,0,0,'Talla 2','T2',0.00,0.00,0.00,1,1,1,'2017-09-01 00:00:00','2017-09-01 00:00:00'),(3,1,10,0,0,'Talla 3','T3',0.00,0.00,0.00,1,1,1,'2017-09-01 00:00:00','2017-09-01 00:00:00'),(3,1,11,0,0,'3 Meses','3 meses',0.00,0.00,0.00,1,1,1,'2017-09-01 00:00:00','2017-09-01 00:00:00'),(3,1,12,0,0,'6 Meses','6 meses',0.00,0.00,0.00,1,1,1,'2017-09-01 00:00:00','2017-09-01 00:00:00'),(3,1,13,0,0,'9 Meses','9 meses',0.00,0.00,0.00,1,1,1,'2017-09-01 00:00:00','2017-09-01 00:00:00'),(3,1,14,0,0,'12 Meses','12 meses',0.00,0.00,0.00,1,1,1,'2017-09-01 00:00:00','2017-09-01 00:00:00'),(3,1,15,0,0,'Standart','Standart',0.00,0.00,0.00,1,1,1,'2017-09-01 00:00:00','2017-09-01 00:00:00'),(3,1,16,0,0,'Paq 3 Piezas','paq. 3pzas',0.00,0.00,0.00,1,1,1,'2017-09-01 00:00:00','2017-09-01 00:00:00'),(4,1,1,0,0,'#ffffff','Bca',0.00,0.00,0.00,1,1,1,'0000-00-00 00:00:00','0000-00-00 00:00:00'),(4,1,2,0,0,'#000000','Neg',0.00,0.00,0.00,1,1,1,'2017-09-02 01:10:21','0000-00-00 00:00:00'),(4,1,3,0,0,'#ffffff','ARoy',0.00,0.00,0.00,1,1,1,'0000-00-00 00:00:00','0000-00-00 00:00:00'),(4,1,4,0,0,'#ff0000','Roja',0.00,0.00,0.00,1,1,1,'2017-09-02 01:10:12','0000-00-00 00:00:00'),(4,1,5,0,0,'#ffffff','Cana',0.00,0.00,0.00,1,1,1,'0000-00-00 00:00:00','0000-00-00 00:00:00'),(4,1,6,0,0,'#ff00a8','Turq',0.00,0.00,0.00,1,1,1,'2017-09-02 01:09:56','0000-00-00 00:00:00'),(4,1,7,0,0,'#636363','Carb',0.00,0.00,0.00,1,1,1,'2017-09-02 01:09:22','0000-00-00 00:00:00'),(4,1,8,0,0,'#ffffff','GJasp',0.00,0.00,0.00,1,1,1,'0000-00-00 00:00:00','0000-00-00 00:00:00'),(4,1,9,0,0,'#a8a8a8','Gris',0.00,0.00,0.00,1,1,1,'2017-09-02 01:09:08','0000-00-00 00:00:00'),(4,1,10,0,0,'#ffffff','Standart',0.00,0.00,0.00,1,1,1,'0000-00-00 00:00:00','0000-00-00 00:00:00'),(5,1,1,0,0,'Administrador','Administrador',NULL,NULL,NULL,1,NULL,1,NULL,'2017-06-26 12:45:17'),(5,1,2,0,0,'Usuario','Usuario',NULL,NULL,NULL,1,NULL,1,NULL,'2017-06-26 12:45:23'),(6,1,1,0,0,'ART','Articulos Terminados',0.00,0.00,0.00,1,1,1,'2017-04-28 16:14:47','2017-04-28 16:14:47'),(6,1,2,0,0,'MAT','Materiales',0.00,0.00,0.00,1,1,1,'2017-04-28 16:14:47','2017-04-28 16:14:47'),(7,1,1,0,0,'Costo Sencillo','Costo Sencillo',30.00,0.00,0.00,1,1,1,'2017-09-16 11:34:26','2017-09-16 11:34:26'),(7,1,2,0,0,'Costo Medio','Costo Medio',45.00,0.00,0.00,1,1,1,'2017-09-16 11:34:34','2017-09-16 11:34:34'),(7,1,3,0,0,'Costo Dificil','Costo Dificil',150.00,0.00,0.00,1,1,1,'2017-09-16 11:36:26','2017-09-16 11:36:26'),(7,1,4,0,0,'Prueba 22','Prueba 22',120.00,0.00,0.00,1,1,1,'2017-09-16 11:39:06','2017-09-16 11:39:06'),(7,1,5,0,0,'Standart','Standart',20.00,0.00,0.00,1,1,1,'2017-09-16 12:30:07','2017-09-16 12:30:07'),(7,1,6,0,0,'Sin Costo','Sin Costo',0.00,0.00,0.00,1,1,1,'2017-09-16 12:31:08','2017-09-16 12:31:08'),(8,1,1,4,0,'HP Laser 234','HP234',0.00,0.00,0.00,0,1,1,'2017-09-16 12:11:25','2017-09-16 12:11:25'),(8,1,2,4,0,'Epson TMU220','Epson TMU220',0.00,0.00,0.00,0,1,1,'2017-09-16 12:25:34','2017-09-16 12:25:34'),(8,1,3,4,0,'Epson','Epson TMU220',0.00,0.00,0.00,1,1,1,'2017-09-16 12:31:56','2017-09-16 12:31:56'),(8,1,4,4,0,'HP Laser 1212','HP1212',0.00,0.00,0.00,1,1,1,'2017-09-16 12:32:12','2017-09-16 12:32:12'),(8,1,5,4,0,'XPS LOCAL HP','Microsoft XPS Document Writer',0.00,0.00,0.00,1,1,1,'2017-09-16 22:47:55','2017-09-16 22:47:55'),(8,1,6,3,0,'XPS LOCAL','Microsoft XPS Document Writer',0.00,0.00,0.00,1,1,1,'2017-09-18 22:44:30','2017-09-18 22:44:30');
/*!40000 ALTER TABLE `catalogo_general` ENABLE KEYS */;
UNLOCK TABLES;

--
-- Table structure for table `cierre`
--

DROP TABLE IF EXISTS `cierre`;
/*!40101 SET @saved_cs_client     = @@character_set_client */;
/*!40101 SET character_set_client = utf8 */;
CREATE TABLE `cierre` (
  `idcierre` int(11) NOT NULL AUTO_INCREMENT,
  `idempresa` int(11) NOT NULL,
  `iddepartamento` int(11) NOT NULL,
  `SaldoFinal` decimal(19,2) NOT NULL,
  `idusuario_cierre` int(11) NOT NULL,
  `fecha_cierre` datetime NOT NULL,
  `fecha_registro` datetime NOT NULL,
  PRIMARY KEY (`idcierre`)
) ENGINE=MyISAM DEFAULT CHARSET=utf8;
/*!40101 SET character_set_client = @saved_cs_client */;

--
-- Dumping data for table `cierre`
--

LOCK TABLES `cierre` WRITE;
/*!40000 ALTER TABLE `cierre` DISABLE KEYS */;
/*!40000 ALTER TABLE `cierre` ENABLE KEYS */;
UNLOCK TABLES;

--
-- Table structure for table `clientes`
--

DROP TABLE IF EXISTS `clientes`;
/*!40101 SET @saved_cs_client     = @@character_set_client */;
/*!40101 SET character_set_client = utf8 */;
CREATE TABLE `clientes` (
  `idcliente` int(11) NOT NULL AUTO_INCREMENT,
  `idempresa` int(11) NOT NULL,
  `nombre_completo` varchar(125) NOT NULL,
  `correo` varchar(95) DEFAULT NULL,
  `telefono` varchar(18) DEFAULT NULL,
  `celular` varchar(20) DEFAULT NULL,
  `idestado` int(11) NOT NULL,
  `idusuario_alta` int(11) NOT NULL,
  `idusuario_um` int(11) DEFAULT NULL,
  `fecha_alta` datetime NOT NULL,
  `fecha_um` datetime DEFAULT NULL,
  PRIMARY KEY (`idcliente`)
) ENGINE=InnoDB AUTO_INCREMENT=2 DEFAULT CHARSET=utf8;
/*!40101 SET character_set_client = @saved_cs_client */;

--
-- Dumping data for table `clientes`
--

LOCK TABLES `clientes` WRITE;
/*!40000 ALTER TABLE `clientes` DISABLE KEYS */;
INSERT INTO `clientes` VALUES (1,1,'Cliente Mostrador','','','',1,1,NULL,'2017-09-01 21:05:55',NULL);
/*!40000 ALTER TABLE `clientes` ENABLE KEYS */;
UNLOCK TABLES;

--
-- Table structure for table `compra`
--

DROP TABLE IF EXISTS `compra`;
/*!40101 SET @saved_cs_client     = @@character_set_client */;
/*!40101 SET character_set_client = utf8 */;
CREATE TABLE `compra` (
  `idcompra` int(11) NOT NULL AUTO_INCREMENT,
  `idempresa` int(11) NOT NULL,
  `idproveedor` int(11) NOT NULL,
  `precio_iva` decimal(18,2) DEFAULT NULL,
  `idestado` int(11) DEFAULT NULL,
  `idusuario_autoriza` int(11) DEFAULT NULL,
  `idusuario_cancela` int(11) DEFAULT NULL,
  `idusuario_alta` int(11) DEFAULT NULL,
  `idusuario_um` int(11) DEFAULT NULL,
  `fecha_alta` datetime DEFAULT NULL,
  `fecha_um` datetime DEFAULT NULL,
  PRIMARY KEY (`idcompra`)
) ENGINE=InnoDB AUTO_INCREMENT=4 DEFAULT CHARSET=utf8;
/*!40101 SET character_set_client = @saved_cs_client */;

--
-- Dumping data for table `compra`
--

LOCK TABLES `compra` WRITE;
/*!40000 ALTER TABLE `compra` DISABLE KEYS */;
INSERT INTO `compra` VALUES (1,1,1,NULL,2,NULL,NULL,1,NULL,'2017-09-24 00:15:54',NULL),(2,1,1,NULL,1,NULL,NULL,1,NULL,'2017-09-25 21:25:23',NULL),(3,1,1,NULL,1,NULL,NULL,1,NULL,'2017-09-26 00:08:26',NULL);
/*!40000 ALTER TABLE `compra` ENABLE KEYS */;
UNLOCK TABLES;

--
-- Table structure for table `conexiones`
--

DROP TABLE IF EXISTS `conexiones`;
/*!40101 SET @saved_cs_client     = @@character_set_client */;
/*!40101 SET character_set_client = utf8 */;
CREATE TABLE `conexiones` (
  `idconexion` int(11) NOT NULL AUTO_INCREMENT,
  `idusuario` int(11) NOT NULL,
  PRIMARY KEY (`idconexion`)
) ENGINE=InnoDB DEFAULT CHARSET=utf8;
/*!40101 SET character_set_client = @saved_cs_client */;

--
-- Dumping data for table `conexiones`
--

LOCK TABLES `conexiones` WRITE;
/*!40000 ALTER TABLE `conexiones` DISABLE KEYS */;
/*!40000 ALTER TABLE `conexiones` ENABLE KEYS */;
UNLOCK TABLES;

--
-- Table structure for table `departamentos`
--

DROP TABLE IF EXISTS `departamentos`;
/*!40101 SET @saved_cs_client     = @@character_set_client */;
/*!40101 SET character_set_client = utf8 */;
CREATE TABLE `departamentos` (
  `iddepartamento` int(11) NOT NULL AUTO_INCREMENT,
  `segmento` int(11) NOT NULL,
  `idempresa` int(11) NOT NULL,
  `nombre_departamento` varchar(45) NOT NULL,
  `tipo` varchar(1) NOT NULL,
  `encargado` int(11) DEFAULT NULL,
  `idalmacen` int(11) DEFAULT NULL,
  `total_cajas` int(11) DEFAULT NULL,
  `domicilio` varchar(65) DEFAULT NULL,
  `telefono01` varchar(18) DEFAULT NULL,
  `telefono02` varchar(18) DEFAULT NULL,
  `celular` varchar(20) DEFAULT NULL,
  `correo` varchar(80) DEFAULT NULL,
  `horario_semanal` varchar(45) DEFAULT NULL,
  `horario_findesemana` varchar(45) DEFAULT NULL,
  `idestado` int(11) DEFAULT NULL,
  `idusuario_alta` int(11) DEFAULT NULL,
  `idusuario_um` int(11) DEFAULT NULL,
  `fecha_alta` datetime DEFAULT NULL,
  `fecha_um` datetime DEFAULT NULL,
  PRIMARY KEY (`iddepartamento`)
) ENGINE=InnoDB AUTO_INCREMENT=5 DEFAULT CHARSET=utf8;
/*!40101 SET character_set_client = @saved_cs_client */;

--
-- Dumping data for table `departamentos`
--

LOCK TABLES `departamentos` WRITE;
/*!40000 ALTER TABLE `departamentos` DISABLE KEYS */;
INSERT INTO `departamentos` VALUES (1,0,1,'Sistemas','D',NULL,4,NULL,NULL,NULL,NULL,NULL,NULL,NULL,NULL,1,NULL,NULL,NULL,NULL),(3,0,1,'Sucursal Sendero Escobedo','S',0,5,2,'Sendero','81488358','','','sendero@norte.com','Lunes a viernes  de 8 a 10','Lunes a viernes  de 8 a 10',1,1,NULL,'2017-06-03 17:27:24',NULL),(4,0,1,'Sucursal Interplaza','S',0,4,2,'Juarez','81488358','','','interplaza@norte.com','Lunes a viernes  de 8 a 10','Lunes a viernes  de 8 a 10',1,1,NULL,'2017-06-03 17:28:12',NULL);
/*!40000 ALTER TABLE `departamentos` ENABLE KEYS */;
UNLOCK TABLES;

--
-- Table structure for table `detalle_compra`
--

DROP TABLE IF EXISTS `detalle_compra`;
/*!40101 SET @saved_cs_client     = @@character_set_client */;
/*!40101 SET character_set_client = utf8 */;
CREATE TABLE `detalle_compra` (
  `iddetalle_compra` int(11) NOT NULL AUTO_INCREMENT,
  `idempresa` int(11) DEFAULT NULL,
  `idcompra` int(11) NOT NULL,
  `tipo_articulo` varchar(3) NOT NULL,
  `idarticulo` int(11) NOT NULL,
  `cantidad` int(11) DEFAULT NULL,
  `precio_compra` decimal(19,2) DEFAULT NULL,
  PRIMARY KEY (`iddetalle_compra`)
) ENGINE=InnoDB AUTO_INCREMENT=10 DEFAULT CHARSET=utf8;
/*!40101 SET character_set_client = @saved_cs_client */;

--
-- Dumping data for table `detalle_compra`
--

LOCK TABLES `detalle_compra` WRITE;
/*!40000 ALTER TABLE `detalle_compra` DISABLE KEYS */;
INSERT INTO `detalle_compra` VALUES (1,1,1,'ART',5,50,34.22),(2,1,1,'ART',1,50,28.42),(3,1,1,'ART',2,50,28.42),(4,1,1,'ART',3,50,28.42),(5,1,1,'ART',4,50,28.42),(6,1,2,'ART',1,50,28.42),(7,1,2,'ART',2,50,28.42),(8,1,3,'ART',1,20,28.42),(9,1,3,'ART',2,20,28.42);
/*!40000 ALTER TABLE `detalle_compra` ENABLE KEYS */;
UNLOCK TABLES;

--
-- Table structure for table `detalle_traspasos`
--

DROP TABLE IF EXISTS `detalle_traspasos`;
/*!40101 SET @saved_cs_client     = @@character_set_client */;
/*!40101 SET character_set_client = utf8 */;
CREATE TABLE `detalle_traspasos` (
  `iddetalle_traspaso` int(11) NOT NULL AUTO_INCREMENT,
  `idtraspaso` int(11) DEFAULT NULL,
  `tipo_articulo` varchar(5) NOT NULL,
  `idarticulo` int(11) DEFAULT NULL,
  `cantidad` int(11) DEFAULT NULL,
  PRIMARY KEY (`iddetalle_traspaso`)
) ENGINE=InnoDB AUTO_INCREMENT=6 DEFAULT CHARSET=utf8;
/*!40101 SET character_set_client = @saved_cs_client */;

--
-- Dumping data for table `detalle_traspasos`
--

LOCK TABLES `detalle_traspasos` WRITE;
/*!40000 ALTER TABLE `detalle_traspasos` DISABLE KEYS */;
INSERT INTO `detalle_traspasos` VALUES (1,1,'ART',1,25),(2,1,'ART',2,25),(3,1,'ART',3,25),(4,1,'ART',4,25),(5,1,'ART',5,25);
/*!40000 ALTER TABLE `detalle_traspasos` ENABLE KEYS */;
UNLOCK TABLES;

--
-- Table structure for table `detalle_venta`
--

DROP TABLE IF EXISTS `detalle_venta`;
/*!40101 SET @saved_cs_client     = @@character_set_client */;
/*!40101 SET character_set_client = utf8 */;
CREATE TABLE `detalle_venta` (
  `iddetalle_venta` int(11) NOT NULL AUTO_INCREMENT,
  `idempresa` int(11) DEFAULT NULL,
  `idalmacen` int(11) DEFAULT NULL,
  `idventa` int(11) NOT NULL,
  `tipo_articulo` varchar(5) DEFAULT NULL,
  `idarticulo` int(11) DEFAULT NULL,
  `cantidad` decimal(10,2) DEFAULT NULL,
  `precio_compra` decimal(19,2) DEFAULT NULL,
  `descripcion` text,
  PRIMARY KEY (`iddetalle_venta`)
) ENGINE=InnoDB AUTO_INCREMENT=2 DEFAULT CHARSET=utf8;
/*!40101 SET character_set_client = @saved_cs_client */;

--
-- Dumping data for table `detalle_venta`
--

LOCK TABLES `detalle_venta` WRITE;
/*!40000 ALTER TABLE `detalle_venta` DISABLE KEYS */;
INSERT INTO `detalle_venta` VALUES (1,1,5,1,'ART',1,1.00,45.00,' Imagen enfrente');
/*!40000 ALTER TABLE `detalle_venta` ENABLE KEYS */;
UNLOCK TABLES;
/*!50003 SET @saved_cs_client      = @@character_set_client */ ;
/*!50003 SET @saved_cs_results     = @@character_set_results */ ;
/*!50003 SET @saved_col_connection = @@collation_connection */ ;
/*!50003 SET character_set_client  = utf8mb4 */ ;
/*!50003 SET character_set_results = utf8mb4 */ ;
/*!50003 SET collation_connection  = utf8mb4_general_ci */ ;
/*!50003 SET @saved_sql_mode       = @@sql_mode */ ;
/*!50003 SET sql_mode              = 'NO_AUTO_VALUE_ON_ZERO' */ ;
DELIMITER ;;
/*!50003 CREATE*/ /*!50017 DEFINER=`root`@`localhost`*/ /*!50003 TRIGGER `detalle_venta_BEFORE_INSERT` BEFORE INSERT ON `detalle_venta` FOR EACH ROW BEGIN

	UPDATE almacen_articulos 
		SET 
			existencias = (existencias - new.cantidad) 
	WHERE 
		idempresa = new.idempresa AND 
        idalmacen = new.idalmacen AND 
        tipo_articulo = new.tipo_articulo AND 
        idarticulo = new.idarticulo ;

END */;;
DELIMITER ;
/*!50003 SET sql_mode              = @saved_sql_mode */ ;
/*!50003 SET character_set_client  = @saved_cs_client */ ;
/*!50003 SET character_set_results = @saved_cs_results */ ;
/*!50003 SET collation_connection  = @saved_col_connection */ ;

--
-- Table structure for table `empresas`
--

DROP TABLE IF EXISTS `empresas`;
/*!40101 SET @saved_cs_client     = @@character_set_client */;
/*!40101 SET character_set_client = utf8 */;
CREATE TABLE `empresas` (
  `idempresa` int(11) NOT NULL AUTO_INCREMENT,
  `nombre_empresa` varchar(85) DEFAULT NULL,
  `descripcion_empresa` text,
  `domicilio` text,
  `colonia` varchar(45) DEFAULT NULL,
  `estado` int(11) DEFAULT NULL,
  `municipio` int(11) DEFAULT NULL,
  `telefono01` varchar(15) DEFAULT NULL,
  `telefono02` varchar(15) DEFAULT NULL,
  `telefono03` varchar(15) DEFAULT NULL,
  `celular01` varchar(15) DEFAULT NULL,
  `celular02` varchar(15) DEFAULT NULL,
  `correo` varchar(85) DEFAULT NULL,
  `pagina_web` varchar(85) DEFAULT NULL,
  `rfc` varchar(100) DEFAULT NULL,
  `razon_social` varchar(65) DEFAULT NULL,
  `logotipo` varchar(50) DEFAULT NULL,
  `idservicio` int(11) DEFAULT NULL,
  `codigo_activacion` int(11) DEFAULT NULL,
  `licencia` text,
  `idestado` int(11) DEFAULT NULL,
  `fecha_alta` datetime DEFAULT NULL,
  `fecha_um` datetime DEFAULT NULL,
  `fecha_baja` datetime DEFAULT NULL,
  PRIMARY KEY (`idempresa`)
) ENGINE=InnoDB AUTO_INCREMENT=2 DEFAULT CHARSET=utf8;
/*!40101 SET character_set_client = @saved_cs_client */;

--
-- Dumping data for table `empresas`
--

LOCK TABLES `empresas` WRITE;
/*!40000 ALTER TABLE `empresas` DISABLE KEYS */;
INSERT INTO `empresas` VALUES (1,'FGA Servicios',NULL,NULL,NULL,1,1,NULL,NULL,NULL,NULL,NULL,NULL,NULL,NULL,NULL,NULL,1,NULL,NULL,1,'2017-01-09 16:10:07','2017-01-09 16:10:07',NULL);
/*!40000 ALTER TABLE `empresas` ENABLE KEYS */;
UNLOCK TABLES;

--
-- Table structure for table `modulos`
--

DROP TABLE IF EXISTS `modulos`;
/*!40101 SET @saved_cs_client     = @@character_set_client */;
/*!40101 SET character_set_client = utf8 */;
CREATE TABLE `modulos` (
  `idmodulo` int(11) NOT NULL,
  `nombre` varchar(85) DEFAULT NULL,
  `descripcion` text,
  `fecha_alta` datetime DEFAULT NULL,
  PRIMARY KEY (`idmodulo`)
) ENGINE=MyISAM DEFAULT CHARSET=utf8;
/*!40101 SET character_set_client = @saved_cs_client */;

--
-- Dumping data for table `modulos`
--

LOCK TABLES `modulos` WRITE;
/*!40000 ALTER TABLE `modulos` DISABLE KEYS */;
INSERT INTO `modulos` VALUES (1,'Almacen','Almacen','2017-06-12 16:41:50'),(2,'Compras','Compras','2017-06-12 16:41:50'),(3,'Ventas','Ventas','2017-06-12 16:41:50'),(4,'Reportes','Reportes','2017-06-12 16:41:50'),(5,'Contabilidad','Contabilidad','2017-06-12 16:41:50'),(6,'Catalogos','Catalogos','2017-06-12 16:41:50'),(7,'Configuracion','Configuracion','2017-06-12 16:41:50');
/*!40000 ALTER TABLE `modulos` ENABLE KEYS */;
UNLOCK TABLES;

--
-- Table structure for table `modulos_acceso`
--

DROP TABLE IF EXISTS `modulos_acceso`;
/*!40101 SET @saved_cs_client     = @@character_set_client */;
/*!40101 SET character_set_client = utf8 */;
CREATE TABLE `modulos_acceso` (
  `consultar` tinyint(4) NOT NULL DEFAULT '0',
  `agregar` tinyint(4) NOT NULL DEFAULT '0',
  `editar` tinyint(4) NOT NULL DEFAULT '0',
  `eliminar` tinyint(4) NOT NULL DEFAULT '0',
  `idusuario` int(11) NOT NULL,
  `idmodulo` int(11) NOT NULL,
  PRIMARY KEY (`idmodulo`,`idusuario`)
) ENGINE=MyISAM DEFAULT CHARSET=utf8;
/*!40101 SET character_set_client = @saved_cs_client */;

--
-- Dumping data for table `modulos_acceso`
--

LOCK TABLES `modulos_acceso` WRITE;
/*!40000 ALTER TABLE `modulos_acceso` DISABLE KEYS */;
INSERT INTO `modulos_acceso` VALUES (1,1,1,1,1,1),(1,1,1,1,1,2),(0,0,0,0,1,3),(1,1,0,0,1,4);
/*!40000 ALTER TABLE `modulos_acceso` ENABLE KEYS */;
UNLOCK TABLES;

--
-- Table structure for table `movimientos_caja`
--

DROP TABLE IF EXISTS `movimientos_caja`;
/*!40101 SET @saved_cs_client     = @@character_set_client */;
/*!40101 SET character_set_client = utf8 */;
CREATE TABLE `movimientos_caja` (
  `idmovimiento` int(11) NOT NULL AUTO_INCREMENT,
  `tipo_venta` int(11) NOT NULL,
  `idventa` int(11) NOT NULL,
  `NoPago` int(11) NOT NULL,
  `importe_venta` decimal(19,2) DEFAULT NULL,
  `idusuario` int(11) DEFAULT NULL,
  `idusuario_cancela` int(11) DEFAULT NULL,
  `fecha_cancelacion` datetime DEFAULT NULL,
  `idmotivo_cancelacion` int(11) DEFAULT NULL,
  `descripcion_cancelacion` text,
  `idestatus` varchar(2) DEFAULT NULL,
  `importe_pagado` decimal(19,2) DEFAULT NULL,
  `importe_recibido` decimal(19,2) DEFAULT NULL,
  `tipo_pago` int(11) DEFAULT NULL,
  `pago_efectivo` decimal(19,2) DEFAULT NULL,
  `pago_voucher` decimal(19,2) DEFAULT NULL,
  `fecha_movimiento` datetime DEFAULT NULL,
  `fecha_registro` datetime DEFAULT NULL,
  PRIMARY KEY (`idmovimiento`)
) ENGINE=MyISAM AUTO_INCREMENT=7 DEFAULT CHARSET=utf8;
/*!40101 SET character_set_client = @saved_cs_client */;

--
-- Dumping data for table `movimientos_caja`
--

LOCK TABLES `movimientos_caja` WRITE;
/*!40000 ALTER TABLE `movimientos_caja` DISABLE KEYS */;
INSERT INTO `movimientos_caja` VALUES (1,2,1,1,165.00,1,1,'2017-09-24 13:46:41',NULL,NULL,'C',70.00,70.00,1,0.00,0.00,'2017-09-24 00:19:45','2017-09-24 00:19:45'),(2,2,1,2,165.00,1,1,'2017-09-24 00:22:16',NULL,NULL,'C',50.00,50.00,1,0.00,0.00,'2017-09-24 00:20:34','2017-09-24 00:20:34'),(3,2,1,3,165.00,1,1,'2017-09-24 14:04:06',NULL,NULL,'C',10.00,10.00,1,0.00,0.00,'2017-09-24 14:03:54','2017-09-24 14:03:54'),(4,2,1,4,165.00,1,1,'2017-09-24 14:04:36',NULL,NULL,'C',50.00,50.00,1,0.00,0.00,'2017-09-24 14:04:24','2017-09-24 14:04:24'),(5,2,1,5,165.00,1,1,'2017-09-24 14:07:47',NULL,NULL,'C',100.00,100.00,1,0.00,0.00,'2017-09-24 14:07:31','2017-09-24 14:07:31'),(6,2,1,6,165.00,1,1,'2017-09-24 14:08:22',NULL,NULL,'C',65.00,65.00,1,0.00,0.00,'2017-09-24 14:08:13','2017-09-24 14:08:13');
/*!40000 ALTER TABLE `movimientos_caja` ENABLE KEYS */;
UNLOCK TABLES;

--
-- Table structure for table `perfil_usuarios`
--

DROP TABLE IF EXISTS `perfil_usuarios`;
/*!40101 SET @saved_cs_client     = @@character_set_client */;
/*!40101 SET character_set_client = utf8 */;
CREATE TABLE `perfil_usuarios` (
  `idperfil_usuarios` int(11) NOT NULL AUTO_INCREMENT,
  `idusuario` int(11) NOT NULL,
  `nombre` varchar(45) DEFAULT NULL,
  `apaterno` varchar(45) DEFAULT NULL,
  `amaterno` varchar(45) DEFAULT NULL,
  `nick_name` varchar(45) DEFAULT NULL,
  `telefono01` varchar(45) DEFAULT NULL,
  `telefono02` varchar(45) DEFAULT NULL,
  `img_profile` varchar(45) DEFAULT NULL,
  `fecha_alta` datetime DEFAULT NULL,
  `fecha_um` datetime DEFAULT NULL,
  PRIMARY KEY (`idperfil_usuarios`,`idusuario`)
) ENGINE=InnoDB AUTO_INCREMENT=3 DEFAULT CHARSET=utf8;
/*!40101 SET character_set_client = @saved_cs_client */;

--
-- Dumping data for table `perfil_usuarios`
--

LOCK TABLES `perfil_usuarios` WRITE;
/*!40000 ALTER TABLE `perfil_usuarios` DISABLE KEYS */;
INSERT INTO `perfil_usuarios` VALUES (1,1,'Alejandro','Gomez','Barron','Alejandro Gomez','1842888','81488358','default.png','2017-01-09 16:41:50','2017-01-09 16:41:50'),(2,5,'Salomon','Rodriguez','Martinez','Salomon Martinez','','','default.png','2017-06-26 16:57:18','2017-06-26 16:57:18');
/*!40000 ALTER TABLE `perfil_usuarios` ENABLE KEYS */;
UNLOCK TABLES;

--
-- Table structure for table `proveedores`
--

DROP TABLE IF EXISTS `proveedores`;
/*!40101 SET @saved_cs_client     = @@character_set_client */;
/*!40101 SET character_set_client = utf8 */;
CREATE TABLE `proveedores` (
  `idproveedor` int(11) NOT NULL AUTO_INCREMENT,
  `idempresa` int(11) NOT NULL,
  `nombre_proveedor` varchar(45) DEFAULT NULL,
  `descripcion_proveedor` text,
  `telefono01` varchar(15) DEFAULT NULL,
  `telefono02` varchar(15) DEFAULT NULL,
  `telefono03` varchar(15) DEFAULT NULL,
  `celular` varchar(18) DEFAULT NULL,
  `correo` varchar(85) DEFAULT NULL,
  `direccion` varchar(125) DEFAULT NULL,
  `idestado` int(11) DEFAULT NULL,
  `idusuario_alta` int(11) DEFAULT NULL,
  `idusuario_um` int(11) DEFAULT NULL,
  `fecha_alta` datetime DEFAULT NULL,
  `fecha_um` datetime DEFAULT NULL,
  PRIMARY KEY (`idproveedor`)
) ENGINE=InnoDB AUTO_INCREMENT=2 DEFAULT CHARSET=utf8;
/*!40101 SET character_set_client = @saved_cs_client */;

--
-- Dumping data for table `proveedores`
--

LOCK TABLES `proveedores` WRITE;
/*!40000 ALTER TABLE `proveedores` DISABLE KEYS */;
INSERT INTO `proveedores` VALUES (1,1,'Asteck','asteck','8121530769','','','','','sin',1,1,1,'2017-06-14 22:51:57','2017-06-14 22:51:57');
/*!40000 ALTER TABLE `proveedores` ENABLE KEYS */;
UNLOCK TABLES;

--
-- Table structure for table `sys_config`
--

DROP TABLE IF EXISTS `sys_config`;
/*!40101 SET @saved_cs_client     = @@character_set_client */;
/*!40101 SET character_set_client = utf8 */;
CREATE TABLE `sys_config` (
  `idempresa` int(11) NOT NULL,
  `tema` varchar(45) DEFAULT NULL,
  `mayoreo_menudeo` int(11) DEFAULT NULL,
  `fecha_caducidad` datetime DEFAULT NULL,
  `costo_trabajo_cp` decimal(19,2) DEFAULT NULL,
  `cantidad_mayoreo_cp` int(11) DEFAULT NULL,
  `costo_trabajo_mayoreo_cp` decimal(19,2) DEFAULT NULL,
  `costo_trabajo_sp` decimal(19,2) DEFAULT NULL,
  `cantidad_mayoreo_sp` int(11) DEFAULT NULL,
  `costo_trabajo_mayoreo_sp` decimal(19,2) DEFAULT NULL,
  `pago_minimo_credito` int(11) DEFAULT NULL,
  PRIMARY KEY (`idempresa`)
) ENGINE=MyISAM DEFAULT CHARSET=utf8;
/*!40101 SET character_set_client = @saved_cs_client */;

--
-- Dumping data for table `sys_config`
--

LOCK TABLES `sys_config` WRITE;
/*!40000 ALTER TABLE `sys_config` DISABLE KEYS */;
INSERT INTO `sys_config` VALUES (1,'blue-light',1,'2017-02-09 16:10:07',70.00,0,50.00,50.00,0,30.00,40);
/*!40000 ALTER TABLE `sys_config` ENABLE KEYS */;
UNLOCK TABLES;

--
-- Temporary view structure for view `tabla_productos_materiales`
--

DROP TABLE IF EXISTS `tabla_productos_materiales`;
/*!50001 DROP VIEW IF EXISTS `tabla_productos_materiales`*/;
SET @saved_cs_client     = @@character_set_client;
SET character_set_client = utf8;
/*!50001 CREATE VIEW `tabla_productos_materiales` AS SELECT 
 1 AS `REPEAT('a',1)`*/;
SET character_set_client = @saved_cs_client;

--
-- Table structure for table `tipo_pago`
--

DROP TABLE IF EXISTS `tipo_pago`;
/*!40101 SET @saved_cs_client     = @@character_set_client */;
/*!40101 SET character_set_client = utf8 */;
CREATE TABLE `tipo_pago` (
  `idtipo_pago` int(11) NOT NULL AUTO_INCREMENT,
  PRIMARY KEY (`idtipo_pago`)
) ENGINE=InnoDB DEFAULT CHARSET=utf8;
/*!40101 SET character_set_client = @saved_cs_client */;

--
-- Dumping data for table `tipo_pago`
--

LOCK TABLES `tipo_pago` WRITE;
/*!40000 ALTER TABLE `tipo_pago` DISABLE KEYS */;
/*!40000 ALTER TABLE `tipo_pago` ENABLE KEYS */;
UNLOCK TABLES;

--
-- Table structure for table `tipo_usuario`
--

DROP TABLE IF EXISTS `tipo_usuario`;
/*!40101 SET @saved_cs_client     = @@character_set_client */;
/*!40101 SET character_set_client = utf8 */;
CREATE TABLE `tipo_usuario` (
  `idtipo_usuario` int(11) NOT NULL AUTO_INCREMENT,
  `nombre` varchar(85) DEFAULT NULL,
  `idusuario_alta` int(11) DEFAULT NULL,
  `idusuario_um` int(11) DEFAULT NULL,
  `fecha_alta` datetime DEFAULT NULL,
  `fecha_um` datetime DEFAULT NULL,
  PRIMARY KEY (`idtipo_usuario`)
) ENGINE=InnoDB AUTO_INCREMENT=2 DEFAULT CHARSET=utf8;
/*!40101 SET character_set_client = @saved_cs_client */;

--
-- Dumping data for table `tipo_usuario`
--

LOCK TABLES `tipo_usuario` WRITE;
/*!40000 ALTER TABLE `tipo_usuario` DISABLE KEYS */;
INSERT INTO `tipo_usuario` VALUES (1,'Administrador',1,1,'2017-01-09 12:46:10','2017-01-09 12:46:10');
/*!40000 ALTER TABLE `tipo_usuario` ENABLE KEYS */;
UNLOCK TABLES;

--
-- Table structure for table `traspasos`
--

DROP TABLE IF EXISTS `traspasos`;
/*!40101 SET @saved_cs_client     = @@character_set_client */;
/*!40101 SET character_set_client = utf8 */;
CREATE TABLE `traspasos` (
  `idtraspaso` int(11) NOT NULL AUTO_INCREMENT,
  `idempresa` int(11) DEFAULT NULL,
  `idalmacen_origen` int(11) DEFAULT NULL,
  `idalmacen_destino` int(11) DEFAULT NULL,
  `idestado` int(11) DEFAULT NULL,
  `idusuario_solicita` int(11) DEFAULT NULL,
  `idusuario_registra` int(11) DEFAULT NULL,
  `idusuario_autoriza` int(11) DEFAULT NULL,
  `fecha_alta` datetime DEFAULT NULL,
  `idusuario_alta` int(11) DEFAULT NULL,
  `fecha_um` datetime DEFAULT NULL,
  `idusuario_um` int(11) DEFAULT NULL,
  PRIMARY KEY (`idtraspaso`)
) ENGINE=MyISAM AUTO_INCREMENT=2 DEFAULT CHARSET=utf8;
/*!40101 SET character_set_client = @saved_cs_client */;

--
-- Dumping data for table `traspasos`
--

LOCK TABLES `traspasos` WRITE;
/*!40000 ALTER TABLE `traspasos` DISABLE KEYS */;
INSERT INTO `traspasos` VALUES (1,1,1,5,1,1,1,1,'2017-09-24 00:18:23',1,'2017-09-24 00:18:24',1);
/*!40000 ALTER TABLE `traspasos` ENABLE KEYS */;
UNLOCK TABLES;

--
-- Table structure for table `usuarios`
--

DROP TABLE IF EXISTS `usuarios`;
/*!40101 SET @saved_cs_client     = @@character_set_client */;
/*!40101 SET character_set_client = utf8 */;
CREATE TABLE `usuarios` (
  `idusuario` int(11) NOT NULL AUTO_INCREMENT,
  `idempresa` int(11) NOT NULL,
  `idtipo_usuario` int(11) NOT NULL,
  `iddepartamento` int(11) NOT NULL,
  `correo` varchar(115) DEFAULT NULL,
  `pass` varchar(80) DEFAULT NULL,
  `pass_temp` varchar(80) DEFAULT NULL,
  `intentos` int(11) DEFAULT NULL,
  `idestado` int(11) DEFAULT NULL,
  `idusuario_alta` int(11) DEFAULT NULL,
  `idusuario_um` int(11) DEFAULT NULL,
  `fecha_alta` datetime DEFAULT NULL,
  `fecha_um` datetime DEFAULT NULL,
  PRIMARY KEY (`idusuario`)
) ENGINE=InnoDB AUTO_INCREMENT=6 DEFAULT CHARSET=utf8;
/*!40101 SET character_set_client = @saved_cs_client */;

--
-- Dumping data for table `usuarios`
--

LOCK TABLES `usuarios` WRITE;
/*!40000 ALTER TABLE `usuarios` DISABLE KEYS */;
INSERT INTO `usuarios` VALUES (1,1,1,3,'demo','472a84ce7f8d3ee6b25253204092e262','472a84ce7f8d3ee6b25253204092e262',2,1,1,1,'2017-01-09 16:13:38','2017-01-09 16:13:38'),(5,1,2,4,'smartinez','472a84ce7f8d3ee6b25253204092e262','472a84ce7f8d3ee6b25253204092e262',0,1,1,1,'2017-06-26 16:57:18','2017-06-26 16:57:18');
/*!40000 ALTER TABLE `usuarios` ENABLE KEYS */;
UNLOCK TABLES;

--
-- Table structure for table `venta`
--

DROP TABLE IF EXISTS `venta`;
/*!40101 SET @saved_cs_client     = @@character_set_client */;
/*!40101 SET character_set_client = utf8 */;
CREATE TABLE `venta` (
  `idventa` int(11) NOT NULL AUTO_INCREMENT,
  `idempresa` int(11) NOT NULL,
  `iddepartamento` int(11) NOT NULL,
  `idusuario` int(11) NOT NULL,
  `idcliente` int(11) NOT NULL,
  `idtipo_venta` int(11) DEFAULT NULL,
  `descripcion_general` text,
  `costo_trabajo_cp` decimal(19,2) NOT NULL,
  `costo_trabajo_sp` decimal(19,2) DEFAULT NULL,
  `idestatus` int(11) NOT NULL,
  `fecha_venta` datetime DEFAULT NULL,
  PRIMARY KEY (`idventa`)
) ENGINE=InnoDB AUTO_INCREMENT=2 DEFAULT CHARSET=utf8;
/*!40101 SET character_set_client = @saved_cs_client */;

--
-- Dumping data for table `venta`
--

LOCK TABLES `venta` WRITE;
/*!40000 ALTER TABLE `venta` DISABLE KEYS */;
INSERT INTO `venta` VALUES (1,1,3,1,1,2,'',120.00,0.00,1,'2017-09-24 00:19:45');
/*!40000 ALTER TABLE `venta` ENABLE KEYS */;
UNLOCK TABLES;

--
-- Dumping events for database 'bdpvt'
--

--
-- Dumping routines for database 'bdpvt'
--
/*!50003 DROP PROCEDURE IF EXISTS `sp_actualiza_inventario` */;
/*!50003 SET @saved_cs_client      = @@character_set_client */ ;
/*!50003 SET @saved_cs_results     = @@character_set_results */ ;
/*!50003 SET @saved_col_connection = @@collation_connection */ ;
/*!50003 SET character_set_client  = utf8 */ ;
/*!50003 SET character_set_results = utf8 */ ;
/*!50003 SET collation_connection  = utf8_general_ci */ ;
/*!50003 SET @saved_sql_mode       = @@sql_mode */ ;
/*!50003 SET sql_mode              = '' */ ;
DELIMITER ;;
CREATE DEFINER=`root`@`localhost` PROCEDURE `sp_actualiza_inventario`(
ridEmpresa INT,
rTipoArticulo VARCHAR(3),
ridArticulo INT,
rCantidad decimal(10,2)
)
BEGIN

DECLARE cantidad_filas INT; 

SELECT COUNT(*) 
INTO cantidad_filas 
FROM almacen_articulos 
WHERE idarticulo = ridArticulo AND idempresa = ridEmpresa AND idalmacen = 1;
 
IF cantidad_filas > 0 THEN 

	UPDATE almacen_articulos 
	SET existencias = existencias + rCantidad 
	WHERE idarticulo = ridArticulo AND tipo_articulo = rTipoArticulo AND idempresa = ridEmpresa AND idalmacen = 1; 

ELSEIF cantidad_filas <=0 THEN

	INSERT INTO 
		almacen_articulos 
        (idempresa,idalmacen,idarticulo,tipo_articulo,existencias) 
        VALUES 
        (ridEmpresa,1,ridArticulo,rTipoArticulo,rCantidad);

END IF; 

END ;;
DELIMITER ;
/*!50003 SET sql_mode              = @saved_sql_mode */ ;
/*!50003 SET character_set_client  = @saved_cs_client */ ;
/*!50003 SET character_set_results = @saved_cs_results */ ;
/*!50003 SET collation_connection  = @saved_col_connection */ ;
/*!50003 DROP PROCEDURE IF EXISTS `sp_execute_traspaso` */;
/*!50003 SET @saved_cs_client      = @@character_set_client */ ;
/*!50003 SET @saved_cs_results     = @@character_set_results */ ;
/*!50003 SET @saved_col_connection = @@collation_connection */ ;
/*!50003 SET character_set_client  = utf8 */ ;
/*!50003 SET character_set_results = utf8 */ ;
/*!50003 SET collation_connection  = utf8_general_ci */ ;
/*!50003 SET @saved_sql_mode       = @@sql_mode */ ;
/*!50003 SET sql_mode              = 'NO_ENGINE_SUBSTITUTION' */ ;
DELIMITER ;;
CREATE DEFINER=`root`@`localhost` PROCEDURE `sp_execute_traspaso`(IN `ridtraspaso` INT, IN `ridempresa` INT, IN `ridusuario_autoriza` INT, IN `ridalmacen_origen` INT, IN `ridalmacen_destino` INT, IN `rcantidad` INT, IN `ridarticulo` INT, IN `rtipo_articulo` VARCHAR(5))
BEGIN

SELECT @total := COUNT(a.idalmacen) 
	FROM almacen_articulos as a 
WHERE 
	a.idalmacen = ridalmacen_destino AND 
    a.idempresa = ridempresa AND 
    a.idarticulo = ridarticulo ;

    UPDATE traspasos 
		SET idusuario_autoriza = ridusuario_autoriza,
			fecha_um = now(),
            idusuario_um = ridusuario_autoriza
	WHERE idtraspaso = ridtraspaso ;
 
	    UPDATE almacen_articulos 
		SET existencias = (existencias - rcantidad )
	WHERE idalmacen = ridalmacen_origen AND idempresa = ridempresa AND idarticulo = ridarticulo ;

if @total > 0 THEN
  
		UPDATE almacen_articulos 
		SET existencias = (existencias + rcantidad )
	WHERE idalmacen = ridalmacen_destino AND idempresa = ridempresa AND idarticulo = ridarticulo ;
 
ELSE 

 		INSERT INTO almacen_articulos 
    VALUES (
		ridempresa,ridalmacen_destino,ridarticulo,rtipo_articulo,rcantidad
    );
 
 END IF;




END ;;
DELIMITER ;
/*!50003 SET sql_mode              = @saved_sql_mode */ ;
/*!50003 SET character_set_client  = @saved_cs_client */ ;
/*!50003 SET character_set_results = @saved_cs_results */ ;
/*!50003 SET collation_connection  = @saved_col_connection */ ;
/*!50003 DROP PROCEDURE IF EXISTS `sp_registra_apertura` */;
/*!50003 SET @saved_cs_client      = @@character_set_client */ ;
/*!50003 SET @saved_cs_results     = @@character_set_results */ ;
/*!50003 SET @saved_col_connection = @@collation_connection */ ;
/*!50003 SET character_set_client  = utf8mb4 */ ;
/*!50003 SET character_set_results = utf8mb4 */ ;
/*!50003 SET collation_connection  = utf8mb4_general_ci */ ;
/*!50003 SET @saved_sql_mode       = @@sql_mode */ ;
/*!50003 SET sql_mode              = 'NO_AUTO_VALUE_ON_ZERO' */ ;
DELIMITER ;;
CREATE DEFINER=`root`@`localhost` PROCEDURE `sp_registra_apertura`(IN `ridempresa` INT, IN `riddepartamento` INT, IN `rSaldoInicial` DECIMAL(19,2), IN `ridusuario_apertura` INT, IN `rfecha_apertura` DATETIME, IN `rfecha_registro` DATETIME)
BEGIN

INSERT INTO apertura (idempresa,iddepartamento,SaldoInicial,idusuario_apertura,fecha_apertura,fecha_registro) VALUES 
(
ridempresa,
riddepartamento,
rSaldoInicial,
ridusuario_apertura,rfecha_apertura,rfecha_registro
);

END ;;
DELIMITER ;
/*!50003 SET sql_mode              = @saved_sql_mode */ ;
/*!50003 SET character_set_client  = @saved_cs_client */ ;
/*!50003 SET character_set_results = @saved_cs_results */ ;
/*!50003 SET collation_connection  = @saved_col_connection */ ;
/*!50003 DROP PROCEDURE IF EXISTS `sp_registra_articulo` */;
/*!50003 SET @saved_cs_client      = @@character_set_client */ ;
/*!50003 SET @saved_cs_results     = @@character_set_results */ ;
/*!50003 SET @saved_col_connection = @@collation_connection */ ;
/*!50003 SET character_set_client  = utf8mb4 */ ;
/*!50003 SET character_set_results = utf8mb4 */ ;
/*!50003 SET collation_connection  = utf8mb4_general_ci */ ;
/*!50003 SET @saved_sql_mode       = @@sql_mode */ ;
/*!50003 SET sql_mode              = 'NO_AUTO_VALUE_ON_ZERO' */ ;
DELIMITER ;;
CREATE DEFINER=`root`@`localhost` PROCEDURE `sp_registra_articulo`(IN `ropcion` INT, IN `ridarticulo` INT, IN `ridempresa` INT, IN `rnombre_articulo` VARCHAR(45), IN `rdescripcion` TEXT, IN `rcodigo` VARCHAR(25), IN `ridcategoria` INT(11), IN `ridsubcategoria` INT(11), IN `ridtalla` INT(11), IN `ridcolor` INT(11), IN `ridunidad_medida` INT(11), IN `rprecio_compra` DECIMAL(19,2), IN `rprecio_venta` DECIMAL(19,2), IN `rprecio_mayoreo` DECIMAL(19,2), IN `rcantidad_mayoreo` INT(11), IN `rstock_minimo` INT(11), IN `rstock_maximo` INT(11), IN `ridestado` INT(11), IN `ridusuario_alta` INT(11), IN `rfecha_alta` DATETIME)
BEGIN
IF ropcion = 1 THEN
	INSERT INTO articulos 
    (
		idempresa,nombre_articulo,descripcion,codigo,
        idcategoria,idsubcategoria,idtalla,idcolor,idunidad_medida,precio_compra,
        precio_venta,precio_mayoreo,cantidad_mayoreo,stock_minimo,stock_maximo,
        idestado,idusuario_alta,fecha_alta
	)
    VALUES
    (
		ridempresa,rnombre_articulo,rdescripcion,rcodigo,
        ridcategoria,ridsubcategoria,ridtalla,ridcolor,ridunidad_medida,rprecio_compra,
        rprecio_venta,rprecio_mayoreo,rcantidad_mayoreo,rstock_minimo,rstock_maximo,
        ridestado,ridusuario_alta,rfecha_alta
    );
ELSE
	UPDATE articulos 
		SET 
			nombre_articulo = rnombre_articulo,
            descripcion = rdescripcion,
            codigo = rcodigo,
            idcategoria = ridcategoria,
            idsubcategoria = ridsubcategoria,
            idtalla = ridtalla,
            idcolor = ridcolor,
            idunidad_medida = ridunidad_medida,
            precio_compra = rprecio_compra,
            precio_venta = rprecio_venta,
            precio_mayoreo = rprecio_mayoreo,
            cantidad_mayoreo = rcantidad_mayoreo,
            stock_minimo = rstock_minimo,
            stock_maximo = rstock_maximo,
            idestado = ridestado,
            idusuario_um = ridusuario_alta,
            fecha_um = rfecha_alta
	WHERE idarticulo = ridarticulo AND idempresa = ridempresa ;
    
END IF;
END ;;
DELIMITER ;
/*!50003 SET sql_mode              = @saved_sql_mode */ ;
/*!50003 SET character_set_client  = @saved_cs_client */ ;
/*!50003 SET character_set_results = @saved_cs_results */ ;
/*!50003 SET collation_connection  = @saved_col_connection */ ;
/*!50003 DROP PROCEDURE IF EXISTS `sp_registra_cliente` */;
/*!50003 SET @saved_cs_client      = @@character_set_client */ ;
/*!50003 SET @saved_cs_results     = @@character_set_results */ ;
/*!50003 SET @saved_col_connection = @@collation_connection */ ;
/*!50003 SET character_set_client  = utf8mb4 */ ;
/*!50003 SET character_set_results = utf8mb4 */ ;
/*!50003 SET collation_connection  = utf8mb4_general_ci */ ;
/*!50003 SET @saved_sql_mode       = @@sql_mode */ ;
/*!50003 SET sql_mode              = 'NO_AUTO_VALUE_ON_ZERO' */ ;
DELIMITER ;;
CREATE DEFINER=`root`@`localhost` PROCEDURE `sp_registra_cliente`(IN `ropcion` INT, IN `ridcliente` INT, IN `ridempresa` INT, IN `rnombre_completo` VARCHAR(125), IN `rcorreo` VARCHAR(95), IN `rtelefono` VARCHAR(18), IN `rcelular` VARCHAR(20), IN `ridestado` INT, IN `ridusuario_alta` INT, IN `rfecha_alta` DATETIME)
BEGIN

IF ropcion = 1 THEN

	INSERT INTO clientes (
		idempresa,nombre_completo,correo,telefono,celular,idestado,idusuario_alta,fecha_alta
    )
    VALUES(
		ridempresa,rnombre_completo,rcorreo,rtelefono,rcelular,ridestado,ridusuario_alta,rfecha_alta
    );

ELSE

	UPDATE clientes 
		SET nombre_completo = rnombre_completo,
			correo = rcorreo,
            telefono = rtelefono,
            celular = rcelular,
            idestado = ridestado,
            fecha_um = rfecha_alta,
            idusuario_um = ridusuario_alta
		WHERE idcliente = ridcliente AND idempresa = ridempresa ;


END IF;


END ;;
DELIMITER ;
/*!50003 SET sql_mode              = @saved_sql_mode */ ;
/*!50003 SET character_set_client  = @saved_cs_client */ ;
/*!50003 SET character_set_results = @saved_cs_results */ ;
/*!50003 SET collation_connection  = @saved_col_connection */ ;
/*!50003 DROP PROCEDURE IF EXISTS `sp_registra_combo` */;
/*!50003 SET @saved_cs_client      = @@character_set_client */ ;
/*!50003 SET @saved_cs_results     = @@character_set_results */ ;
/*!50003 SET @saved_col_connection = @@collation_connection */ ;
/*!50003 SET character_set_client  = utf8mb4 */ ;
/*!50003 SET character_set_results = utf8mb4 */ ;
/*!50003 SET collation_connection  = utf8mb4_general_ci */ ;
/*!50003 SET @saved_sql_mode       = @@sql_mode */ ;
/*!50003 SET sql_mode              = 'NO_AUTO_VALUE_ON_ZERO' */ ;
DELIMITER ;;
CREATE DEFINER=`root`@`localhost` PROCEDURE `sp_registra_combo`(IN `rOpcion` INT, IN `ridcombo` INT, IN `rcodigo_combo` VARCHAR(80), IN `rnombre_combo` VARCHAR(45), IN `rdescripcion` TEXT, IN `ridusuario_alta` INT, IN `rfecha_alta` DATETIME)
BEGIN

case rOpcion 
	
    WHEN 1 THEN
		INSERT INTO combos VALUES(null,rcodigo_combo,rnombre_combo,rdescripcion,ridusuario_alta,rfecha_alta);
        SELECT @@identity as id;
	WHEN 2 THEN
        SELECT 124;
    
END CASE;

END ;;
DELIMITER ;
/*!50003 SET sql_mode              = @saved_sql_mode */ ;
/*!50003 SET character_set_client  = @saved_cs_client */ ;
/*!50003 SET character_set_results = @saved_cs_results */ ;
/*!50003 SET collation_connection  = @saved_col_connection */ ;
/*!50003 DROP PROCEDURE IF EXISTS `sp_registra_detalle_combo` */;
/*!50003 SET @saved_cs_client      = @@character_set_client */ ;
/*!50003 SET @saved_cs_results     = @@character_set_results */ ;
/*!50003 SET @saved_col_connection = @@collation_connection */ ;
/*!50003 SET character_set_client  = utf8mb4 */ ;
/*!50003 SET character_set_results = utf8mb4 */ ;
/*!50003 SET collation_connection  = utf8mb4_general_ci */ ;
/*!50003 SET @saved_sql_mode       = @@sql_mode */ ;
/*!50003 SET sql_mode              = 'NO_AUTO_VALUE_ON_ZERO' */ ;
DELIMITER ;;
CREATE DEFINER=`root`@`localhost` PROCEDURE `sp_registra_detalle_combo`(IN `ridcombo` INT, IN `ridproducto` INT, IN `rtipo_producto` VARCHAR(5))
BEGIN

insert into detalle_combo VALUES(null,ridcombo,ridproducto,rtipo_producto);

END ;;
DELIMITER ;
/*!50003 SET sql_mode              = @saved_sql_mode */ ;
/*!50003 SET character_set_client  = @saved_cs_client */ ;
/*!50003 SET character_set_results = @saved_cs_results */ ;
/*!50003 SET collation_connection  = @saved_col_connection */ ;
/*!50003 DROP PROCEDURE IF EXISTS `sp_registra_detalle_compra` */;
/*!50003 SET @saved_cs_client      = @@character_set_client */ ;
/*!50003 SET @saved_cs_results     = @@character_set_results */ ;
/*!50003 SET @saved_col_connection = @@collation_connection */ ;
/*!50003 SET character_set_client  = utf8 */ ;
/*!50003 SET character_set_results = utf8 */ ;
/*!50003 SET collation_connection  = utf8_general_ci */ ;
/*!50003 SET @saved_sql_mode       = @@sql_mode */ ;
/*!50003 SET sql_mode              = '' */ ;
DELIMITER ;;
CREATE DEFINER=`root`@`localhost` PROCEDURE `sp_registra_detalle_compra`(IN `ridempresa` INT, IN `ridcompra` INT, IN `rtipo_articulo` VARCHAR(3), IN `ridarticulo` INT, IN `rcantidad` INT, IN `rprecio_compra` DECIMAL(19,2), IN `rprecio_venta` DECIMAL(19,2))
BEGIN

	INSERT INTO detalle_compra (
    idempresa,
    idcompra,
    tipo_articulo,
    idarticulo,
    cantidad,
    precio_compra
    ) 
    VALUES (
    ridempresa,
    ridcompra,
    rtipo_articulo,
    ridarticulo,
    rcantidad,
    rprecio_compra
    );
    
  -- Actualizar Precios
    
  UPDATE articulos SET precio_venta = rprecio_venta ,precio_compra =  rprecio_compra WHERE idempresa = ridempresa AND idarticulo = ridarticulo ;
    
    

END ;;
DELIMITER ;
/*!50003 SET sql_mode              = @saved_sql_mode */ ;
/*!50003 SET character_set_client  = @saved_cs_client */ ;
/*!50003 SET character_set_results = @saved_cs_results */ ;
/*!50003 SET collation_connection  = @saved_col_connection */ ;
/*!50003 DROP PROCEDURE IF EXISTS `sp_registra_detalle_traspaso` */;
/*!50003 SET @saved_cs_client      = @@character_set_client */ ;
/*!50003 SET @saved_cs_results     = @@character_set_results */ ;
/*!50003 SET @saved_col_connection = @@collation_connection */ ;
/*!50003 SET character_set_client  = utf8mb4 */ ;
/*!50003 SET character_set_results = utf8mb4 */ ;
/*!50003 SET collation_connection  = utf8mb4_general_ci */ ;
/*!50003 SET @saved_sql_mode       = @@sql_mode */ ;
/*!50003 SET sql_mode              = 'NO_AUTO_VALUE_ON_ZERO' */ ;
DELIMITER ;;
CREATE DEFINER=`root`@`localhost` PROCEDURE `sp_registra_detalle_traspaso`(IN `rOpcion` INT, IN `ridempresa` INT, IN `ridtraspaso` INT, IN `ridestado` INT, IN `ridusuario_autoriza` INT, IN `ridalmacen_origen` INT, IN `ridalmacen_destino` INT, IN `rtipo_articulo` VARCHAR(5), IN `ridarticulo` INT, IN `rcantidad` INT)
BEGIN


CASE ridestado 

	WHEN 1 THEN 
		
                INSERT INTO detalle_traspasos (idtraspaso,tipo_articulo,idarticulo,cantidad) VALUES (ridtraspaso,rtipo_articulo,ridarticulo,rcantidad);
        
        CALL sp_execute_traspaso (ridtraspaso,ridempresa,ridusuario_autoriza,ridalmacen_origen,ridalmacen_destino,rcantidad,ridarticulo,rtipo_articulo);
        
            
    WHEN 2 THEN SELECT 2;
    
		INSERT INTO detalle_traspasos (idtraspaso,tipo_articulo,idarticulo,cantidad) VALUES (ridtraspaso,rtipo_articulo,ridarticulo,rcantidad);

END CASE ;







END ;;
DELIMITER ;
/*!50003 SET sql_mode              = @saved_sql_mode */ ;
/*!50003 SET character_set_client  = @saved_cs_client */ ;
/*!50003 SET character_set_results = @saved_cs_results */ ;
/*!50003 SET collation_connection  = @saved_col_connection */ ;
/*!50003 DROP PROCEDURE IF EXISTS `sp_registra_detalle_venta` */;
/*!50003 SET @saved_cs_client      = @@character_set_client */ ;
/*!50003 SET @saved_cs_results     = @@character_set_results */ ;
/*!50003 SET @saved_col_connection = @@collation_connection */ ;
/*!50003 SET character_set_client  = utf8mb4 */ ;
/*!50003 SET character_set_results = utf8mb4 */ ;
/*!50003 SET collation_connection  = utf8mb4_general_ci */ ;
/*!50003 SET @saved_sql_mode       = @@sql_mode */ ;
/*!50003 SET sql_mode              = 'NO_AUTO_VALUE_ON_ZERO' */ ;
DELIMITER ;;
CREATE DEFINER=`root`@`localhost` PROCEDURE `sp_registra_detalle_venta`(IN `ridempresa` INT, IN `ridalmacen` INT, IN `ridventa` INT, IN `rtipo_articulo` VARCHAR(5), IN `ridarticulo` INT, IN `rcantidad` DECIMAL(10,2), IN `rprecio_compra` DECIMAL(19,2), IN `rdescripcion` TEXT)
BEGIN

INSERT INTO detalle_venta VALUES (null,ridempresa,ridalmacen,ridventa,rtipo_articulo,ridarticulo,rcantidad,rprecio_compra,rdescripcion);

END ;;
DELIMITER ;
/*!50003 SET sql_mode              = @saved_sql_mode */ ;
/*!50003 SET character_set_client  = @saved_cs_client */ ;
/*!50003 SET character_set_results = @saved_cs_results */ ;
/*!50003 SET collation_connection  = @saved_col_connection */ ;
/*!50003 DROP PROCEDURE IF EXISTS `sp_registra_empresa` */;
/*!50003 SET @saved_cs_client      = @@character_set_client */ ;
/*!50003 SET @saved_cs_results     = @@character_set_results */ ;
/*!50003 SET @saved_col_connection = @@collation_connection */ ;
/*!50003 SET character_set_client  = utf8mb4 */ ;
/*!50003 SET character_set_results = utf8mb4 */ ;
/*!50003 SET collation_connection  = utf8mb4_general_ci */ ;
/*!50003 SET @saved_sql_mode       = @@sql_mode */ ;
/*!50003 SET sql_mode              = 'NO_AUTO_VALUE_ON_ZERO' */ ;
DELIMITER ;;
CREATE DEFINER=`root`@`localhost` PROCEDURE `sp_registra_empresa`(IN `r_nombre_empresa` VARCHAR(85), IN `r_estado` INT, IN `r_municipio` INT)
BEGIN

INSERT INTO empresas (idempresa,nombre_empresa,estado,municipio,idestado,fecha_alta) VALUES (
null,r_nombre_empresa,r_estado,r_municipio,0,now());


END ;;
DELIMITER ;
/*!50003 SET sql_mode              = @saved_sql_mode */ ;
/*!50003 SET character_set_client  = @saved_cs_client */ ;
/*!50003 SET character_set_results = @saved_cs_results */ ;
/*!50003 SET collation_connection  = @saved_col_connection */ ;
/*!50003 DROP PROCEDURE IF EXISTS `sp_registra_material` */;
/*!50003 SET @saved_cs_client      = @@character_set_client */ ;
/*!50003 SET @saved_cs_results     = @@character_set_results */ ;
/*!50003 SET @saved_col_connection = @@collation_connection */ ;
/*!50003 SET character_set_client  = utf8 */ ;
/*!50003 SET character_set_results = utf8 */ ;
/*!50003 SET collation_connection  = utf8_general_ci */ ;
/*!50003 SET @saved_sql_mode       = @@sql_mode */ ;
/*!50003 SET sql_mode              = 'NO_ENGINE_SUBSTITUTION' */ ;
DELIMITER ;;
CREATE DEFINER=`root`@`localhost` PROCEDURE `sp_registra_material`(IN `ropcion` INT, IN `ridmaterial` INT, IN `ridEmpresa` INT, IN `rnombre_material` VARCHAR(65), IN `rdescripcion_material` TEXT, IN `ridcolor` INT, IN `rtipo_unidad` INT, IN `rprecio_compra` DECIMAL(19,2), IN `rprecio_venta` DECIMAL(19,2), IN `rstock_minimo` INT, IN `rstock_maximo` INT, IN `ridestado` INT, IN `ridusuario_alta` INT, IN `rfecha_alta` DATETIME)
BEGIN

IF  ropcion = 1 THEN


insert into articulos 
(
	tipo,idempresa,nombre_articulo,
    descripcion,codigo,idcategoria,
    idsubcategoria,idtalla,idcolor,
    idunidad_medida,precio_compra,precio_venta,precio_mayoreo,
    cantidad_mayoreo,stock_minimo,stock_maximo,idestado,idusuario_alta,idusuario_um,fecha_alta,fecha_um
) 
values 
(
	2,ridEmpresa,rnombre_material,
    rdescripcion_material,'M',0,
    0,0,ridcolor,
    rtipo_unidad,rprecio_compra,rprecio_venta,0,
    0,rstock_minimo,rstock_maximo,ridestado,ridusuario_alta,ridusuario_alta,rfecha_alta,rfecha_alta
);
ELSE 

	UPDATE articulos 
    SET 
		nombre_articulo = rnombre_material,
        descripcion = rdescripcion_material,
        idcolor = ridcolor,
        precio_compra = rprecio_compra,
        precio_venta = rprecio_venta,
        stock_minimo = rstock_minimo,
        stock_maximo = rstock_maximo,
        idestado = ridestado,
        idusuario_um = ridusuario_alta,
        fecha_um = rfecha_alta
	WHERE idempresa = ridempresa AND idarticulo = ridmaterial ;

END IF;
	
END ;;
DELIMITER ;
/*!50003 SET sql_mode              = @saved_sql_mode */ ;
/*!50003 SET character_set_client  = @saved_cs_client */ ;
/*!50003 SET character_set_results = @saved_cs_results */ ;
/*!50003 SET collation_connection  = @saved_col_connection */ ;
/*!50003 DROP PROCEDURE IF EXISTS `sp_registra_movimientos_caja` */;
/*!50003 SET @saved_cs_client      = @@character_set_client */ ;
/*!50003 SET @saved_cs_results     = @@character_set_results */ ;
/*!50003 SET @saved_col_connection = @@collation_connection */ ;
/*!50003 SET character_set_client  = utf8mb4 */ ;
/*!50003 SET character_set_results = utf8mb4 */ ;
/*!50003 SET collation_connection  = utf8mb4_general_ci */ ;
/*!50003 SET @saved_sql_mode       = @@sql_mode */ ;
/*!50003 SET sql_mode              = 'NO_AUTO_VALUE_ON_ZERO' */ ;
DELIMITER ;;
CREATE DEFINER=`root`@`localhost` PROCEDURE `sp_registra_movimientos_caja`(IN `rtipo_venta` INT, IN `ridventa` INT, IN `rimporte_venta` DECIMAL(19,2), IN `ridusuario` INT, IN `ridestatus` VARCHAR(2), IN `rimporte_pagado` DECIMAL(19,2), IN `rimporte_recibido` DECIMAL(19,2), IN `rtipo_pago` INT, IN `rpago_efectivo` DECIMAL(19,2), IN `rpago_voucher` DECIMAL(19,2), IN `rfecha_movimiento` DATETIME, IN `rfecha_registro` DATETIME)
BEGIN

SELECT @NoPago:=(ifnull(max(NoPago),0))+1 FROM movimientos_caja WHERE idventa = ridventa ;


INSERT INTO movimientos_caja 
(
	tipo_venta,idventa,NoPago,importe_venta,idusuario,idestatus,
    importe_pagado,importe_recibido,tipo_pago,pago_efectivo,pago_voucher,fecha_movimiento,fecha_registro
) 
VALUES 
(
	rtipo_venta,ridventa,@NoPago,rimporte_venta,ridusuario,ridestatus,
    rimporte_pagado,rimporte_recibido,rtipo_pago,rpago_efectivo,rpago_voucher,rfecha_movimiento,rfecha_registro
);

END ;;
DELIMITER ;
/*!50003 SET sql_mode              = @saved_sql_mode */ ;
/*!50003 SET character_set_client  = @saved_cs_client */ ;
/*!50003 SET character_set_results = @saved_cs_results */ ;
/*!50003 SET collation_connection  = @saved_col_connection */ ;
/*!50003 DROP PROCEDURE IF EXISTS `sp_registra_orden` */;
/*!50003 SET @saved_cs_client      = @@character_set_client */ ;
/*!50003 SET @saved_cs_results     = @@character_set_results */ ;
/*!50003 SET @saved_col_connection = @@collation_connection */ ;
/*!50003 SET character_set_client  = utf8mb4 */ ;
/*!50003 SET character_set_results = utf8mb4 */ ;
/*!50003 SET collation_connection  = utf8mb4_general_ci */ ;
/*!50003 SET @saved_sql_mode       = @@sql_mode */ ;
/*!50003 SET sql_mode              = 'NO_AUTO_VALUE_ON_ZERO' */ ;
DELIMITER ;;
CREATE DEFINER=`root`@`localhost` PROCEDURE `sp_registra_orden`(IN `ropcion` INT, IN `ridcompra` INT, IN `ridempresa` INT, IN `ridproveedor` INT, IN `ridestado` INT, IN `ridautoriza` INT, IN `ridcancela` INT, IN `ridusuario_alta` INT, IN `rfecha_alta` DATETIME)
BEGIN

IF ropcion = 1 THEN

	INSERT INTO compra (
    idempresa,
    idproveedor,
    idestado,
    idusuario_alta,
    fecha_alta
	) VALUES (
    ridempresa,
    ridproveedor,
    ridestado,
    ridusuario_alta,
    rfecha_alta
	);
    
    SELECT @@identity as id ;
    
ELSEIF ropcion = 2 THEN

	select 123;

END IF;

END ;;
DELIMITER ;
/*!50003 SET sql_mode              = @saved_sql_mode */ ;
/*!50003 SET character_set_client  = @saved_cs_client */ ;
/*!50003 SET character_set_results = @saved_cs_results */ ;
/*!50003 SET collation_connection  = @saved_col_connection */ ;
/*!50003 DROP PROCEDURE IF EXISTS `sp_registra_sucursal` */;
/*!50003 SET @saved_cs_client      = @@character_set_client */ ;
/*!50003 SET @saved_cs_results     = @@character_set_results */ ;
/*!50003 SET @saved_col_connection = @@collation_connection */ ;
/*!50003 SET character_set_client  = utf8mb4 */ ;
/*!50003 SET character_set_results = utf8mb4 */ ;
/*!50003 SET collation_connection  = utf8mb4_general_ci */ ;
/*!50003 SET @saved_sql_mode       = @@sql_mode */ ;
/*!50003 SET sql_mode              = 'NO_AUTO_VALUE_ON_ZERO' */ ;
DELIMITER ;;
CREATE DEFINER=`root`@`localhost` PROCEDURE `sp_registra_sucursal`(IN `ropcion` INT, IN `ridempresa` INT, IN `riddepartamento` INT, IN `rnombre_departamento` VARCHAR(45), IN `rtipo` VARCHAR(1), IN `rencargado` INT, IN `ridalmacen` INT, IN `rtotal_cajas` INT, IN `rdomicilio` VARCHAR(65), IN `rtelefono01` VARCHAR(18), IN `rtelefono02` VARCHAR(18), IN `rcelular` VARCHAR(20), IN `rcorreo` VARCHAR(80), IN `rhorario_semanal` VARCHAR(45), IN `rhorario_findesemana` VARCHAR(45), IN `ridestado` INT, IN `ridusuario_alta` INT, IN `rfecha_alta` DATETIME)
BEGIN

IF ropcion = 1 THEN

	INSERT INTO departamentos (
    segmento,idempresa,nombre_departamento,tipo,encargado,idalmacen,total_cajas,
    domicilio,telefono01,telefono02,celular,correo,horario_semanal,horario_findesemana,
    idestado,idusuario_alta,fecha_alta
    )VALUES (
    0,ridempresa,rnombre_departamento,rtipo,rencargado,ridalmacen,rtotal_cajas,
    rdomicilio,rtelefono01,rtelefono02,rcelular,rcorreo,rhorario_semanal,rhorario_findesemana,
    ridestado,ridusuario_alta,rfecha_alta
    );

ELSEIF ropcion = 2 THEN

	UPDATE departamentos 
		SET 
			nombre_departamento = rnombre_departamento,
            tipo = rtipo,
            encargado = rencargado,
            idalmacen = ridalmacen,
            total_cajas = rtotal_cajas,
            domicilio = rdomicilio,
            telefono01 = rtelefono01,
            telefono02 = rtelefono02,
            celular = rcelular,
            correo = rcorreo,
            horario_semanal = rhorario_semanal,
            horario_findesemana = rhorario_findesemana,
            idestado = ridestado,
            idusuario_um = ridusuario_alta,
            fecha_um = rfecha_alta
    WHERE idempresa = ridempresa AND iddepartamento = riddepartamento ;

	SELECT 123;
END IF;

END ;;
DELIMITER ;
/*!50003 SET sql_mode              = @saved_sql_mode */ ;
/*!50003 SET character_set_client  = @saved_cs_client */ ;
/*!50003 SET character_set_results = @saved_cs_results */ ;
/*!50003 SET collation_connection  = @saved_col_connection */ ;
/*!50003 DROP PROCEDURE IF EXISTS `sp_registra_usuario` */;
/*!50003 SET @saved_cs_client      = @@character_set_client */ ;
/*!50003 SET @saved_cs_results     = @@character_set_results */ ;
/*!50003 SET @saved_col_connection = @@collation_connection */ ;
/*!50003 SET character_set_client  = utf8mb4 */ ;
/*!50003 SET character_set_results = utf8mb4 */ ;
/*!50003 SET collation_connection  = utf8mb4_general_ci */ ;
/*!50003 SET @saved_sql_mode       = @@sql_mode */ ;
/*!50003 SET sql_mode              = 'NO_AUTO_VALUE_ON_ZERO' */ ;
DELIMITER ;;
CREATE DEFINER=`root`@`localhost` PROCEDURE `sp_registra_usuario`(IN `rOpcion` INT, IN `ridusuario` INT, IN `ridempresa` INT, IN `riddepartamento` INT, IN `rtipo_usuario` INT, IN `rcorreo` VARCHAR(115), IN `rpass` VARCHAR(80), IN `rpass2` VARCHAR(80), IN `rintentos` INT, IN `ridestado` INT, IN `ridusuario_alta` INT, IN `rfecha_alta` DATETIME)
BEGIN


INSERT INTO usuarios VALUES (null,ridempresa,rtipo_usuario,riddepartamento,rcorreo,rpass,rpass2,rintentos,ridestado,ridusuario_alta,ridusuario_alta,rfecha_alta,rfecha_alta);
SELECT @@identity AS id;

END ;;
DELIMITER ;
/*!50003 SET sql_mode              = @saved_sql_mode */ ;
/*!50003 SET character_set_client  = @saved_cs_client */ ;
/*!50003 SET character_set_results = @saved_cs_results */ ;
/*!50003 SET collation_connection  = @saved_col_connection */ ;
/*!50003 DROP PROCEDURE IF EXISTS `sp_registra_venta` */;
/*!50003 SET @saved_cs_client      = @@character_set_client */ ;
/*!50003 SET @saved_cs_results     = @@character_set_results */ ;
/*!50003 SET @saved_col_connection = @@collation_connection */ ;
/*!50003 SET character_set_client  = utf8mb4 */ ;
/*!50003 SET character_set_results = utf8mb4 */ ;
/*!50003 SET collation_connection  = utf8mb4_general_ci */ ;
/*!50003 SET @saved_sql_mode       = @@sql_mode */ ;
/*!50003 SET sql_mode              = 'NO_AUTO_VALUE_ON_ZERO' */ ;
DELIMITER ;;
CREATE DEFINER=`root`@`localhost` PROCEDURE `sp_registra_venta`(IN `ridempresa` INT, IN `riddepartamento` INT, IN `ridusuario` INT, IN `ridcliente` INT, IN `ridtipo_venta` INT, IN `rdescripcion_general` TEXT, IN `rcosto_trabajo_cp` DECIMAL(19,2), IN `rcosto_trabajo_sp` DECIMAL(19,2), IN `ridestatus` INT, IN `rfecha_venta` DATETIME)
BEGIN

INSERT INTO venta VALUES (null,ridempresa,riddepartamento,ridusuario,ridcliente,ridtipo_venta,rdescripcion_general,rcosto_trabajo_cp,rcosto_trabajo_sp,ridestatus,rfecha_venta);

SELECT @@identity AS id;


END ;;
DELIMITER ;
/*!50003 SET sql_mode              = @saved_sql_mode */ ;
/*!50003 SET character_set_client  = @saved_cs_client */ ;
/*!50003 SET character_set_results = @saved_cs_results */ ;
/*!50003 SET collation_connection  = @saved_col_connection */ ;

--
-- Final view structure for view `tabla_productos_materiales`
--

/*!50001 DROP VIEW IF EXISTS `tabla_productos_materiales`*/;
/*!50001 SET @saved_cs_client          = @@character_set_client */;
/*!50001 SET @saved_cs_results         = @@character_set_results */;
/*!50001 SET @saved_col_connection     = @@collation_connection */;
/*!50001 SET character_set_client      = utf8mb4 */;
/*!50001 SET character_set_results     = utf8mb4 */;
/*!50001 SET collation_connection      = utf8mb4_general_ci */;
/*!50001 CREATE ALGORITHM=UNDEFINED */
/*!50013 DEFINER=`root`@`localhost` SQL SECURITY DEFINER */
/*!50001 VIEW `tabla_productos_materiales` AS select repeat('a',1) AS `REPEAT('a',1)` union select repeat('b',10) AS `REPEAT('b',10)` */;
/*!50001 SET character_set_client      = @saved_cs_client */;
/*!50001 SET character_set_results     = @saved_cs_results */;
/*!50001 SET collation_connection      = @saved_col_connection */;
/*!40103 SET TIME_ZONE=@OLD_TIME_ZONE */;

/*!40101 SET SQL_MODE=@OLD_SQL_MODE */;
/*!40014 SET FOREIGN_KEY_CHECKS=@OLD_FOREIGN_KEY_CHECKS */;
/*!40014 SET UNIQUE_CHECKS=@OLD_UNIQUE_CHECKS */;
/*!40101 SET CHARACTER_SET_CLIENT=@OLD_CHARACTER_SET_CLIENT */;
/*!40101 SET CHARACTER_SET_RESULTS=@OLD_CHARACTER_SET_RESULTS */;
/*!40101 SET COLLATION_CONNECTION=@OLD_COLLATION_CONNECTION */;
/*!40111 SET SQL_NOTES=@OLD_SQL_NOTES */;

-- Dump completed on 2017-09-26  0:24:32
